"","timestamp","Zapotitl√.n.Wind.Speed..80.m.","Zapotitl√.n.Wind.Direction..80.m."
"1",2020-04-14 00:00:00,2.6208394,344.0546
"2",2020-04-14 01:00:00,4.3349743,311.63354
"3",2020-04-14 02:00:00,4.1046314,307.875
"4",2020-04-14 03:00:00,3.7064266,299.0546
"5",2020-04-14 04:00:00,3.5455887,293.9625
"6",2020-04-14 05:00:00,3.396233,302.00537
"7",2020-04-14 06:00:00,3.096837,305.5377
"8",2020-04-14 07:00:00,0.8049845,26.565033
"9",2020-04-14 08:00:00,0.35999998,360
"10",2020-04-14 09:00:00,2.5455842,8.130096
"11",2020-04-14 10:00:00,4.3349743,4.7636414
"12",2020-04-14 11:00:00,5.3517847,19.653809
"13",2020-04-14 12:00:00,3.671294,78.69006
"14",2020-04-14 13:00:00,7.2359104,174.28941
"15",2020-04-14 14:00:00,9.178235,221.82018
"16",2020-04-14 15:00:00,3.7585104,253.30075
"17",2020-04-14 16:00:00,4.73506,81.25384
"18",2020-04-14 17:00:00,11.901798,93.46823
"19",2020-04-14 18:00:00,14.759999,102.680374
"20",2020-04-14 19:00:00,13.722565,94.513985
"21",2020-04-14 20:00:00,15.745627,79.460815
"22",2020-04-14 21:00:00,17.238699,61.294044
"23",2020-04-14 22:00:00,13.746156,44.999985
"24",2020-04-14 23:00:00,10.464797,26.565033
"25",2020-04-15 00:00:00,9.107359,18.434952
"26",2020-04-15 01:00:00,10.30883,24.775131
"27",2020-04-15 02:00:00,11.753877,27.349869
"28",2020-04-15 03:00:00,9.178235,25.559967
"29",2020-04-15 04:00:00,6.489992,356.8202
"30",2020-04-15 05:00:00,7.2,323.13013
"31",2020-04-15 06:00:00,11.720751,317.48956
"32",2020-04-15 07:00:00,5.904439,322.43143
"33",2020-04-15 08:00:00,18.94024,8.74614
"34",2020-04-15 09:00:00,12.015589,351.38434
"35",2020-04-15 10:00:00,8.404285,316.73572
"36",2020-04-15 11:00:00,8.905908,284.03625
"37",2020-04-15 12:00:00,5.771239,273.57632
"38",2020-04-15 13:00:00,3.671294,281.30994
"39",2020-04-15 14:00:00,2.9024127,277.125
"40",2020-04-15 15:00:00,3.7064266,299.0546
"41",2020-04-15 16:00:00,3.319036,319.3987
"42",2020-04-15 17:00:00,3.096837,324.46234
"43",2020-04-15 18:00:00,2.9024127,277.125
"44",2020-04-15 19:00:00,4.0249224,243.43495
"45",2020-04-15 20:00:00,7.10031,30.465546
"46",2020-04-15 21:00:00,4.0249224,10.30484
"47",2020-04-15 22:00:00,1.835647,258.69006
"48",2020-04-15 23:00:00,4.1046314,254.74487
"49",2020-04-16 00:00:00,5.771239,266.42368
"50",2020-04-16 01:00:00,7.5685663,272.72632
"51",2020-04-16 02:00:00,7.5685663,267.27368
"52",2020-04-16 03:00:00,6.924738,261.02737
"53",2020-04-16 04:00:00,5.4119864,266.1859
"54",2020-04-16 05:00:00,4.379589,279.46234
"55",2020-04-16 06:00:00,2.7416782,293.1986
"56",2020-04-16 07:00:00,1.9386592,291.8014
"57",2020-04-16 08:00:00,3.9763298,5.194412
"58",2020-04-16 09:00:00,4.6800003,22.619858
"59",2020-04-16 10:00:00,7.42159,22.833649
"60",2020-04-16 11:00:00,9.826088,28.442917
"61",2020-04-16 12:00:00,9.387651,32.47119
"62",2020-04-16 13:00:00,9.885262,33.111343
"63",2020-04-16 14:00:00,8.404285,43.264297
"64",2020-04-16 15:00:00,6.9247384,62.102737
"65",2020-04-16 16:00:00,5.2416787,74.054596
"66",2020-04-16 17:00:00,5.3999996,53.130096
"67",2020-04-16 18:00:00,6.489992,56.30993
"68",2020-04-16 19:00:00,7.8954163,65.772255
"69",2020-04-16 20:00:00,9.449572,40.364532
"70",2020-04-16 21:00:00,7.729527,62.241455
"71",2020-04-16 22:00:00,5.8603754,79.38034
"72",2020-04-16 23:00:00,5.4477882,82.40536
"73",2020-04-17 00:00:00,3.219938,63.43495
"74",2020-04-17 01:00:00,1.9386592,21.801407
"75",2020-04-17 02:00:00,1.835647,348.69006
"76",2020-04-17 03:00:00,2.5959969,326.30994
"77",2020-04-17 04:00:00,3.7064266,299.0546
"78",2020-04-17 05:00:00,4.3349743,274.76364
"79",2020-04-17 06:00:00,4.73506,261.25385
"80",2020-04-17 07:00:00,5.8603754,259.38034
"81",2020-04-17 08:00:00,2.3051248,321.3402
"82",2020-04-17 09:00:00,4.896529,17.102722
"83",2020-04-17 10:00:00,5.495161,31.607498
"84",2020-04-17 11:00:00,4.6938257,57.5288
"85",2020-04-17 12:00:00,4.68,89.99999
"86",2020-04-17 13:00:00,4.32,89.99999
"87",2020-04-17 14:00:00,5.0528407,94.08562
"88",2020-04-17 15:00:00,5.6920996,108.434944
"89",2020-04-17 16:00:00,8.217153,118.81079
"90",2020-04-17 17:00:00,10.464797,116.56505
"91",2020-04-17 18:00:00,11.113451,114.90476
"92",2020-04-17 19:00:00,11.620809,106.1892
"93",2020-04-17 20:00:00,7.5599995,89.99999
"94",2020-04-17 21:00:00,6.489992,93.179825
"95",2020-04-17 22:00:00,4.73506,81.25384
"96",2020-04-17 23:00:00,1.2979984,33.690063
"97",2020-04-18 00:00:00,2.5959969,326.30994
"98",2020-04-18 01:00:00,3.8939953,326.30994
"99",2020-04-18 02:00:00,6.618519,315
"100",2020-04-18 03:00:00,8.942214,310.10092
"101",2020-04-18 04:00:00,9.511088,299.4759
"102",2020-04-18 05:00:00,11.620809,286.1892
"103",2020-04-18 06:00:00,12.496719,281.63364
"104",2020-04-18 07:00:00,12.599999,270
"105",2020-04-18 08:00:00,7.5685663,244.65384
"106",2020-04-18 09:00:00,4.5536795,288.43497
"107",2020-04-18 10:00:00,7.2,360
"108",2020-04-18 11:00:00,8.049845,26.565033
"109",2020-04-18 12:00:00,7.289445,57.094757
"110",2020-04-18 13:00:00,6.489992,70.55996
"111",2020-04-18 14:00:00,5.2416787,105.9454
"112",2020-04-18 15:00:00,5.6233797,129.80557
"113",2020-04-18 16:00:00,7.8954163,136.84761
"114",2020-04-18 17:00:00,10.086427,124.82449
"115",2020-04-18 18:00:00,10.703569,132.27368
"116",2020-04-18 19:00:00,11.592894,126.15819
"117",2020-04-18 20:00:00,9,89.99999
"118",2020-04-18 21:00:00,8.557102,112.249016
"119",2020-04-18 22:00:00,7.7043357,127.40535
"120",2020-04-18 23:00:00,3.319036,102.52881
"121",2020-04-19 00:00:00,2.1897945,279.46234
"122",2020-04-19 01:00:00,6.2145634,280.008
"123",2020-04-19 02:00:00,5.506941,281.30994
"124",2020-04-19 03:00:00,7.5170207,286.69925
"125",2020-04-19 04:00:00,10.8955765,277.59464
"126",2020-04-19 05:00:00,9.114471,279.09027
"127",2020-04-19 06:00:00,7.42159,284.03625
"128",2020-04-19 07:00:00,6.638072,310.60132
"129",2020-04-19 08:00:00,4.3349743,4.7636414
"130",2020-04-19 09:00:00,7.0911775,23.962494
"131",2020-04-19 10:00:00,4.5536795,18.434952
"132",2020-04-19 11:00:00,3.6,36.86989
"133",2020-04-19 12:00:00,4.379589,80.537674
"134",2020-04-19 13:00:00,7.628263,70.70995
"135",2020-04-19 14:00:00,7.8625183,74.054596
"136",2020-04-19 15:00:00,6.87779,83.99099
"137",2020-04-19 16:00:00,2.9024127,119.74488
"138",2020-04-19 17:00:00,6.9153743,141.34018
"139",2020-04-19 18:00:00,9.931042,133.53119
"140",2020-04-19 19:00:00,7.145796,139.08562
"141",2020-04-19 20:00:00,6.792466,122.00538
"142",2020-04-19 21:00:00,3.8939953,123.69006
"143",2020-04-19 22:00:00,3.8939953,213.69006
"144",2020-04-19 23:00:00,5.4477882,262.40536
"145",2020-04-20 00:00:00,4.802999,282.99463
"146",2020-04-20 01:00:00,5.991594,302.73523
"147",2020-04-20 02:00:00,8.0899935,302.27563
"148",2020-04-20 03:00:00,13.237038,315
"149",2020-04-20 04:00:00,10.799999,306.8699
"150",2020-04-20 05:00:00,6.0347,287.35403
"151",2020-04-20 06:00:00,1.2979984,236.30994
"152",2020-04-20 07:00:00,0.8049845,116.56505
"153",2020-04-20 08:00:00,3.671294,11.309921
"154",2020-04-20 09:00:00,5.6233797,50.194427
"155",2020-04-20 10:00:00,6.696387,53.746155
"156",2020-04-20 11:00:00,5.6920996,71.56504
"157",2020-04-20 12:00:00,4.3498964,65.55604
"158",2020-04-20 13:00:00,2.9024127,82.874985
"159",2020-04-20 14:00:00,2.2768397,108.434944
"160",2020-04-20 15:00:00,2.9024127,119.74488
"161",2020-04-20 16:00:00,4.8965297,126.027374
"162",2020-04-20 17:00:00,10.137692,106.50436
"163",2020-04-20 18:00:00,17.698677,85.33313
"164",2020-04-20 19:00:00,16.93531,87.56335
"165",2020-04-20 20:00:00,8.557102,75.37913
"166",2020-04-20 21:00:00,5.937272,75.96376
"167",2020-04-20 22:00:00,7.42159,75.96376
"168",2020-04-20 23:00:00,5.4833565,66.8014
"169",2020-04-21 00:00:00,2.0991426,300.96378
"170",2020-04-21 01:00:00,6.130579,266.63354
"171",2020-04-21 02:00:00,5.154415,294.77515
"172",2020-04-21 03:00:00,4.8433046,311.98724
"173",2020-04-21 04:00:00,4.5536795,288.43497
"174",2020-04-21 05:00:00,4.2136917,289.98312
"175",2020-04-21 06:00:00,3.671294,281.30994
"176",2020-04-21 07:00:00,2.6208394,285.9454
"177",2020-04-21 08:00:00,0.8049845,333.43497
"178",2020-04-21 09:00:00,2.8116899,39.805573
"179",2020-04-21 10:00:00,2.5455842,44.999985
"180",2020-04-21 11:00:00,1.1384199,341.56506
"181",2020-04-21 12:00:00,4.452954,255.96376
"182",2020-04-21 13:00:00,9.021574,241.38954
"183",2020-04-21 14:00:00,5.8603754,259.38034
"184",2020-04-21 15:00:00,0.71999997,89.99999
"185",2020-04-21 16:00:00,7.342588,101.30993
"186",2020-04-21 17:00:00,10.661107,101.68936
"187",2020-04-21 18:00:00,10.948973,99.46232
"188",2020-04-21 19:00:00,11.304229,99.162346
"189",2020-04-21 20:00:00,11.609651,97.125015
"190",2020-04-21 21:00:00,7.6367526,98.1301
"191",2020-04-21 22:00:00,3.8939953,56.30993
"192",2020-04-21 23:00:00,2.9024127,352.875
"193",2020-04-20 00:00:00,3.2399998,270
"194",2020-04-20 01:00:00,4.1046314,307.875
"195",2020-04-20 02:00:00,7.42159,309.09387
"196",2020-04-20 03:00:00,9.793059,323.97263
"197",2020-04-20 04:00:00,8.209263,322.12503
"198",2020-04-20 05:00:00,6.638072,310.60132
"199",2020-04-20 06:00:00,3.4152596,288.43497
"201",2020-04-20 08:00:00,1.4399999,89.99999
"202",2020-04-20 09:00:00,2.5455842,81.869896
"203",2020-04-20 10:00:00,4.452954,14.03624
"204",2020-04-20 11:00:00,6.130579,3.3664398
"205",2020-04-20 12:00:00,4.6938252,355.60132
"206",2020-04-20 13:00:00,2.9024127,352.875
"207",2020-04-20 14:00:00,1.4399999,360
"208",2020-04-20 15:00:00,1.484318,104.03624
"209",2020-04-20 16:00:00,4.198285,120.96376
"210",2020-04-20 17:00:00,8.905908,104.03624
"211",2020-04-20 18:00:00,20.5484,86.98721
"212",2020-04-20 19:00:00,16.919998,89.99999
"213",2020-04-20 20:00:00,10.182337,81.869896
"214",2020-04-20 21:00:00,4.379589,80.537674
"215",2020-04-20 22:00:00,0.5091169,44.999985
"216",2020-04-20 23:00:00,1.609969,333.43497
"217",2020-04-21 00:00:00,1.8,323.13013
"218",2020-04-21 01:00:00,1.4399999,360
"219",2020-04-21 02:00:00,2.16,360
"220",2020-04-21 03:00:00,3.219938,333.43497
"221",2020-04-21 04:00:00,3.8939953,326.30994
"222",2020-04-21 05:00:00,4.39436,325.008
"223",2020-04-21 06:00:00,4.3498964,294.44397
"225",2020-04-21 08:00:00,2.7416782,23.198593
"226",2020-04-21 09:00:00,5.95906,64.98311
"227",2020-04-21 10:00:00,10.495713,59.036232
"228",2020-04-21 11:00:00,11.808878,52.431404
"229",2020-04-21 12:00:00,8.0899935,57.72435
"230",2020-04-21 13:00:00,5.8048253,97.125015
"231",2020-04-21 14:00:00,7.145796,130.91438
"232",2020-04-21 15:00:00,9.931042,136.4688
"233",2020-04-21 16:00:00,10.799999,126.869896
"234",2020-04-21 17:00:00,11.841756,109.53665
"235",2020-04-21 18:00:00,11.367109,100.954056
"236",2020-04-21 19:00:00,13.004921,94.76365
"237",2020-04-21 20:00:00,13.797912,82.504135
"238",2020-04-21 21:00:00,6.4799995,89.99999
"239",2020-04-21 22:00:00,3.6179552,95.71059
"240",2020-04-21 23:00:00,2.3051248,51.34018
"241",2020-04-22 00:00:00,3.8939953,303.69006
"242",2020-04-22 01:00:00,8.64,270
"243",2020-04-22 02:00:00,9.422101,276.58194
"244",2020-04-22 03:00:00,7.9932976,277.76517
"245",2020-04-22 04:00:00,3.8773184,291.8014
"246",2020-04-22 05:00:00,3.396233,302.00537
"247",2020-04-22 06:00:00,4.0249224,280.30487
"248",2020-04-22 07:00:00,5.8048253,277.125
"249",2020-04-22 08:00:00,5.4119864,3.8140564
"250",2020-04-22 09:00:00,5.495161,31.607498
"251",2020-04-22 10:00:00,6.439876,26.565033
"252",2020-04-22 11:00:00,5.991594,32.735214
"253",2020-04-22 12:00:00,4.510787,61.38954
"254",2020-04-22 13:00:00,6.130579,86.63353
"255",2020-04-22 14:00:00,7.2359104,95.71059
"256",2020-04-22 15:00:00,8.707238,97.125015
"257",2020-04-22 16:00:00,8.473393,102.26477
"258",2020-04-22 17:00:00,7.5170207,106.69924
"259",2020-04-22 18:00:00,5.6233797,129.80557
"260",2020-04-22 19:00:00,5.634891,153.43495
"261",2020-04-22 20:00:00,4.8433046,48.01277
"262",2020-04-22 21:00:00,3.8773184,338.1986
"263",2020-04-22 22:00:00,0.35999998,180
"264",2020-04-22 23:00:00,1.08,180
"265",2020-04-23 00:00:00,5.3999996,180
"266",2020-04-23 01:00:00,11.113451,204.90477
"267",2020-04-23 02:00:00,20.65848,221.46771
"268",2020-04-23 03:00:00,26.230639,223.33167
"269",2020-04-23 04:00:00,32.11071,222.2737
"270",2020-04-23 05:00:00,31.435646,219.88959
"271",2020-04-23 06:00:00,29.515608,210.00491
"272",2020-04-23 07:00:00,25.992397,210.82767
"273",2020-04-23 08:00:00,16.595179,220.60129
"274",2020-04-23 09:00:00,8.942214,220.1009
"275",2020-04-23 10:00:00,5.3517847,289.6538
"276",2020-04-23 11:00:00,4.802999,12.994629
"277",2020-04-23 12:00:00,8.891343,58.24051
"278",2020-04-23 13:00:00,11.183201,56.82148
"279",2020-04-23 14:00:00,10.44,43.602814
"280",2020-04-23 15:00:00,25.501621,71.05349
"281",2020-04-23 16:00:00,30.413074,96.1155
"282",2020-04-23 17:00:00,24.609364,84.122604
"283",2020-04-23 18:00:00,12.979984,109.44003
"284",2020-04-23 19:00:00,2.7416782,156.8014
"285",2020-04-23 20:00:00,4.198285,120.96376
"286",2020-04-23 21:00:00,8.049845,243.43495
"287",2020-04-23 22:00:00,4.6938252,265.6013
"288",2020-04-23 23:00:00,4.829907,206.56505
"289",2020-04-24 00:00:00,11.503113,249.86371
"290",2020-04-24 01:00:00,15.315873,246.44774
"291",2020-04-24 02:00:00,17.072504,245.05609
"292",2020-04-24 03:00:00,17.418196,251.93953
"293",2020-04-24 04:00:00,12.0694,252.64598
"294",2020-04-24 05:00:00,6.763786,244.79889
"295",2020-04-24 06:00:00,3.8939953,213.69006
"296",2020-04-24 07:00:00,3.96,180
"297",2020-04-24 08:00:00,0.35999998,360
"298",2020-04-24 09:00:00,5.315336,61.699234
"299",2020-04-24 10:00:00,8.707237,60.25511
"300",2020-04-24 11:00:00,9.6932955,74.9315
"301",2020-04-24 12:00:00,8.707238,82.874985
"302",2020-04-24 13:00:00,7.92,89.99999
"303",2020-04-24 14:00:00,6.725354,105.5241
"304",2020-04-24 15:00:00,10.308831,102.09476
"305",2020-04-24 16:00:00,13.397612,96.17017
"306",2020-04-24 17:00:00,14.003029,107.96913
"307",2020-04-24 18:00:00,13.397612,96.17017
"308",2020-04-24 19:00:00,16.923828,91.218864
"309",2020-04-24 20:00:00,8.825508,101.76829
"310",2020-04-24 21:00:00,3.2399998,89.99999
"311",2020-04-24 22:00:00,3.6179552,354.28943
"312",2020-04-24 23:00:00,5.0142193,291.0375
"313",2020-04-25 00:00:00,3.96,270
"314",2020-04-25 01:00:00,3.396233,302.00537
"315",2020-04-25 02:00:00,4.1046314,285.25513
"316",2020-04-25 03:00:00,6.0347,287.35403
"317",2020-04-25 04:00:00,5.937272,284.03625
"318",2020-04-25 05:00:00,5.154415,294.77515
"319",2020-04-25 06:00:00,5.1165614,309.2894
"320",2020-04-25 07:00:00,2.7416782,293.1986
"321",2020-04-25 08:00:00,1.9386592,21.801407
"322",2020-04-25 09:00:00,5.315336,28.30075
"323",2020-04-25 10:00:00,7.0911775,23.962494
"324",2020-04-25 11:00:00,6.638072,40.601288
"325",2020-04-25 12:00:00,6.792466,57.994614
"326",2020-04-25 13:00:00,6.379216,73.61045
"327",2020-04-25 14:00:00,6.849467,86.98721
"328",2020-04-25 15:00:00,7.208994,87.137596
"329",2020-04-25 16:00:00,6.12,89.99999
"330",2020-04-25 17:00:00,9.504273,114.623566
"331",2020-04-25 18:00:00,6.297428,120.963745
"332",2020-04-25 19:00:00,15.978486,75.650665
"333",2020-04-25 20:00:00,4.510787,298.61047
"334",2020-04-25 21:00:00,1.484318,165.96376
"335",2020-04-25 22:00:00,3.7064266,29.05458
"336",2020-04-25 23:00:00,10.028439,111.03751
"337",2020-04-26 00:00:00,4.6102495,51.34018
"338",2020-04-26 01:00:00,10.495713,337.83365
"339",2020-04-26 02:00:00,24.693481,315.59067
"340",2020-04-26 03:00:00,7.928177,309.47247
"341",2020-04-26 04:00:00,3.7064266,240.9454
"342",2020-04-26 05:00:00,9.1641035,225
"343",2020-04-26 06:00:00,18.792551,249.82935
"344",2020-04-26 07:00:00,18.775301,265.6013
"345",2020-04-26 08:00:00,8.557102,247.75098
"346",2020-04-26 09:00:00,9.565437,340.20114
"347",2020-04-26 10:00:00,12.074766,26.565033
"348",2020-04-26 11:00:00,9.227524,20.55603
"349",2020-04-26 12:00:00,4.829907,333.43497
"350",2020-04-26 13:00:00,8.707238,262.875
"351",2020-04-26 14:00:00,9,343.7398
"352",2020-04-26 15:00:00,13.32,360
"353",2020-04-26 16:00:00,6.8777895,312.8789
"354",2020-04-26 17:00:00,5.771239,273.57632
"355",2020-04-26 18:00:00,5.634891,296.56506
"356",2020-04-26 19:00:00,5.7599998,270
"357",2020-04-26 20:00:00,2.8116899,50.194427
"358",2020-04-26 21:00:00,1.5273507,225
"359",2020-04-26 22:00:00,5.1165614,230.7106
"360",2020-04-26 23:00:00,9.339208,242.44719
"361",2020-04-27 00:00:00,11.966953,263.08878
"362",2020-04-27 01:00:00,11.901798,266.53177
"363",2020-04-27 02:00:00,9.007196,272.29062
"364",2020-04-27 03:00:00,5.3517847,289.6538
"365",2020-04-27 04:00:00,2.4149535,296.56506
"366",2020-04-27 05:00:00,1.609969,333.43497
"367",2020-04-27 06:00:00,0.35999998,360
"368",2020-04-27 07:00:00,1.8,216.8699
"369",2020-04-27 08:00:00,3.396233,237.99463
"370",2020-04-27 09:00:00,3.219938,296.56506
"371",2020-04-27 10:00:00,4.5536795,341.56506
"372",2020-04-27 11:00:00,3.8773184,338.1986
"373",2020-04-27 12:00:00,1.2979984,303.69006
"374",2020-04-27 13:00:00,1.8,180
"375",2020-04-27 14:00:00,4.1046314,142.12502
"376",2020-04-27 15:00:00,6.193674,125.537674
"377",2020-04-27 16:00:00,9.178235,115.55997
"378",2020-04-27 17:00:00,12.641076,109.9831
"379",2020-04-27 18:00:00,13.37825,113.80594
"380",2020-04-27 19:00:00,15.484185,107.59242
"381",2020-04-27 20:00:00,14.986553,114.10223
"382",2020-04-27 21:00:00,12.074766,116.56505
"383",2020-04-27 22:00:00,6.1094027,135
"384",2020-04-27 23:00:00,3.8268526,228.81409
"385",2020-04-26 00:00:00,12.224107,346.37302
"386",2020-04-26 01:00:00,23.469128,327.5288
"387",2020-04-26 02:00:00,6.4096174,321.84277
"388",2020-04-26 03:00:00,5.937272,194.03624
"389",2020-04-26 04:00:00,9.885262,236.88866
"390",2020-04-26 05:00:00,22.73707,246.68228
"391",2020-04-26 06:00:00,13.324863,268.45184
"393",2020-04-26 08:00:00,6.4096174,321.84277
"394",2020-04-26 09:00:00,7.653705,48.81407
"395",2020-04-26 10:00:00,0,180
"396",2020-04-26 11:00:00,5.4477882,277.59464
"397",2020-04-26 12:00:00,9.885262,280.4915
"398",2020-04-26 13:00:00,14.685176,281.30994
"399",2020-04-26 14:00:00,11.609651,277.125
"400",2020-04-26 15:00:00,7.42159,284.03625
"401",2020-04-26 16:00:00,4.6938252,274.3987
"402",2020-04-26 17:00:00,4.2136917,250.0169
"403",2020-04-26 18:00:00,6.151683,249.44395
"404",2020-04-26 19:00:00,9.021574,241.38954
"417",2020-04-27 08:00:00,2.3051248,51.34018
"418",2020-04-27 09:00:00,4.0249224,26.565033
"419",2020-04-27 10:00:00,5.00128,30.256424
"420",2020-04-27 11:00:00,3.096837,35.53766
"421",2020-04-27 12:00:00,3.319036,77.47118
"422",2020-04-27 13:00:00,3.6179552,84.289406
"423",2020-04-27 14:00:00,6.130579,93.366455
"424",2020-04-27 15:00:00,9.779817,96.34019
"425",2020-04-27 16:00:00,11.177405,104.93142
"426",2020-04-27 17:00:00,12.864649,107.92791
"427",2020-04-27 18:00:00,14.264361,100.17551
"428",2020-04-27 19:00:00,14.471821,95.71059
"429",2020-04-27 20:00:00,11.183201,86.30861
"430",2020-04-27 21:00:00,5.8603754,79.38034
"431",2020-04-27 22:00:00,3.4152596,108.434944
"432",2020-04-27 23:00:00,0.8049845,243.43495
"433",2020-04-28 00:00:00,4.6938252,274.3987
"434",2020-04-28 01:00:00,6.638072,282.5288
"435",2020-04-28 02:00:00,7.342588,281.30994
"436",2020-04-28 03:00:00,6.9899354,281.88867
"437",2020-04-28 04:00:00,4.73506,278.74615
"438",2020-04-28 05:00:00,3.7064266,299.0546
"439",2020-04-28 06:00:00,4.896529,287.10272
"440",2020-04-28 07:00:00,6.379216,286.38956
"441",2020-04-28 08:00:00,3.7064266,299.0546
"442",2020-04-28 09:00:00,4.6800003,337.38013
"443",2020-04-28 10:00:00,6.130579,356.63354
"444",2020-04-28 11:00:00,4.1046314,15.255127
"445",2020-04-28 12:00:00,3.6,53.130096
"446",2020-04-28 13:00:00,5.3517847,70.346176
"447",2020-04-28 14:00:00,6.12,89.99999
"448",2020-04-28 15:00:00,7.9932976,97.76516
"449",2020-04-28 16:00:00,9.346143,105.64224
"450",2020-04-28 17:00:00,10.483357,105.9454
"451",2020-04-28 18:00:00,11.440978,102.72436
"452",2020-04-28 19:00:00,11.570515,95.35582
"453",2020-04-28 20:00:00,6.439876,63.43495
"454",2020-04-28 21:00:00,0,180
"455",2020-04-28 22:00:00,2.3051248,321.3402
"456",2020-04-28 23:00:00,3.396233,327.99463
"457",2020-04-29 00:00:00,4.8433046,311.98724
"458",2020-04-29 01:00:00,6.9247384,297.89728
"459",2020-04-29 02:00:00,9.107359,288.43497
"460",2020-04-29 03:00:00,10.137692,286.50436
"461",2020-04-29 04:00:00,9.693296,301.3287
"462",2020-04-29 05:00:00,11.609651,299.74487
"463",2020-04-29 06:00:00,16.766108,284.93143
"464",2020-04-29 07:00:00,14.561099,278.53076
"465",2020-04-29 08:00:00,10.636766,246.0375
"466",2020-04-29 09:00:00,2.9024127,240.25513
"467",2020-04-29 10:00:00,5.0911684,44.999985
"468",2020-04-29 11:00:00,10.739833,76.42956
"469",2020-04-29 12:00:00,14.759999,77.31962
"470",2020-04-29 13:00:00,15.84409,88.69804
"471",2020-04-29 14:00:00,14.05845,92.93567
"472",2020-04-29 15:00:00,11.212135,95.52754
"473",2020-04-29 16:00:00,8.209263,105.25512
"474",2020-04-29 17:00:00,10.483357,105.9454
"475",2020-04-29 18:00:00,11.090103,103.13402
"476",2020-04-29 19:00:00,8.707237,119.74488
"477",2020-04-29 20:00:00,8.854829,63.43495
"478",2020-04-29 21:00:00,3.396233,57.994614
"479",2020-04-29 22:00:00,5.315336,28.30075
"480",2020-04-29 23:00:00,8.161764,41.42366
"481",2020-04-30 00:00:00,4.6800003,22.619858
"482",2020-04-30 01:00:00,8.854829,333.43497
"483",2020-04-30 02:00:00,19.966211,334.359
"484",2020-04-30 03:00:00,14.021525,311.87787
"485",2020-04-30 04:00:00,9.826088,278.42697
"486",2020-04-30 05:00:00,9.531505,259.11447
"487",2020-04-30 06:00:00,11.480557,228.81409
"488",2020-04-30 07:00:00,11.525623,231.3402
"489",2020-04-30 08:00:00,4.3498964,294.44397
"490",2020-04-30 09:00:00,0.35999998,360
"491",2020-04-30 10:00:00,4.8433046,41.987198
"492",2020-04-30 11:00:00,3.6,89.99999
"493",2020-04-30 12:00:00,2.5455842,44.999985
"494",2020-04-30 13:00:00,2.9024127,352.875
"495",2020-04-30 14:00:00,4.379589,9.462311
"496",2020-04-30 15:00:00,4.1046314,37.87497
"497",2020-04-30 16:00:00,2.52,360
"498",2020-04-30 17:00:00,6.12,298.07248
"499",2020-04-30 18:00:00,8.825508,281.7683
"500",2020-04-30 19:00:00,9.779817,276.34018
"501",2020-04-30 20:00:00,8.373386,25.463333
"502",2020-04-30 21:00:00,8.28,360
"503",2020-04-30 22:00:00,4.8965297,323.97263
"504",2020-04-30 23:00:00,3.7585104,286.69925
"505",2020-05-01 00:00:00,4.68,270
"506",2020-05-01 01:00:00,8.311245,252.34988
"507",2020-05-01 02:00:00,11.177405,255.06857
"508",2020-05-01 03:00:00,10.440001,270
"509",2020-05-01 04:00:00,9.255571,283.49573
"510",2020-05-01 05:00:00,9.0645685,276.84277
"511",2020-05-01 06:00:00,7.5599995,270
"512",2020-05-01 07:00:00,4.802999,282.99463
"513",2020-05-01 08:00:00,1.08,360
"514",2020-05-01 09:00:00,4.3349743,48.366455
"515",2020-05-01 10:00:00,6.9247384,62.102737
"516",2020-05-01 11:00:00,9.885262,79.50852
"517",2020-05-01 12:00:00,9,89.99999
"518",2020-05-01 13:00:00,9.9571085,102.52881
"519",2020-05-01 14:00:00,12.10157,112.75097
"520",2020-05-01 15:00:00,11.592895,115.76932
"521",2020-05-01 16:00:00,10.315115,119.248825
"522",2020-05-01 17:00:00,12.397806,115.82099
"523",2020-05-01 18:00:00,14.182355,113.96249
"524",2020-05-01 19:00:00,13.009903,104.42077
"525",2020-05-01 20:00:00,10.028439,68.96249
"526",2020-05-01 21:00:00,10.365251,69.67686
"527",2020-05-01 22:00:00,10.661107,78.31063
"528",2020-05-01 23:00:00,9,73.73979
"529",2020-05-02 00:00:00,3.8268526,48.81407
"530",2020-05-02 01:00:00,3.0547013,315
"531",2020-05-02 02:00:00,4.5536795,288.43497
"532",2020-05-02 03:00:00,6.0347,287.35403
"533",2020-05-02 04:00:00,6.763786,295.2011
"534",2020-05-02 05:00:00,6.9527545,291.2505
"535",2020-05-02 06:00:00,7.072878,284.74356
"536",2020-05-02 07:00:00,7.5942073,275.44034
"537",2020-05-02 08:00:00,5.00128,300.25644
"538",2020-05-02 09:00:00,5.0528407,355.91437
"539",2020-05-02 10:00:00,6.725354,15.524109
"540",2020-05-02 11:00:00,5.3999996,36.86989
"541",2020-05-02 12:00:00,3.7064266,29.05458
"542",2020-05-02 13:00:00,2.2768397,18.434952
"543",2020-05-02 14:00:00,2.8799999,89.99999
"544",2020-05-02 15:00:00,5.0142193,111.03751
"545",2020-05-02 16:00:00,8.089993,110.854454
"546",2020-05-02 17:00:00,10.829959,105.42216
"547",2020-05-02 18:00:00,11.367109,100.954056
"548",2020-05-02 19:00:00,11.304229,99.162346
"549",2020-05-02 20:00:00,10.495713,95.90614
"550",2020-05-02 21:00:00,7.208994,92.862404
"551",2020-05-02 22:00:00,1.835647,78.69006
"552",2020-05-02 23:00:00,2.1897945,350.5377
"553",2020-05-03 00:00:00,3.6179552,354.28943
"554",2020-05-03 01:00:00,3.671294,348.69006
"555",2020-05-03 02:00:00,3.396233,327.99463
"556",2020-05-03 03:00:00,3.8939953,303.69006
"557",2020-05-03 04:00:00,4.5536795,288.43497
"558",2020-05-03 05:00:00,3.8773184,291.8014
"559",2020-05-03 06:00:00,3.8773184,291.8014
"560",2020-05-03 07:00:00,4.2136917,289.98312
"561",2020-05-03 08:00:00,3.096837,305.5377
"562",2020-05-03 09:00:00,5.0911684,351.8699
"563",2020-05-03 10:00:00,6.12,360
"564",2020-05-03 11:00:00,3.319036,347.4712
"565",2020-05-03 12:00:00,1.2979984,303.69006
"566",2020-05-03 13:00:00,0.35999998,180
"567",2020-05-03 14:00:00,2.6208394,105.9454
"568",2020-05-03 15:00:00,5.0911684,98.1301
"569",2020-05-03 16:00:00,6.763786,115.20112
"570",2020-05-03 17:00:00,8.587338,123.023865
"571",2020-05-03 18:00:00,10.00256,120.25643
"572",2020-05-03 19:00:00,12.24,118.07248
"573",2020-05-03 20:00:00,13.104198,127.1847
"574",2020-05-03 21:00:00,9.449572,130.36453
"575",2020-05-03 22:00:00,4.3498964,114.44395
"576",2020-05-03 23:00:00,0.71999997,89.99999
"577",2020-05-05 00:00:00,4.68,270
"578",2020-05-05 01:00:00,7.172949,287.52557
"579",2020-05-05 02:00:00,8.557102,284.62088
"580",2020-05-05 03:00:00,10.446206,271.9749
"581",2020-05-05 04:00:00,9.746631,265.7636
"582",2020-05-05 05:00:00,6.489992,266.8202
"583",2020-05-05 06:00:00,4.73506,278.74615
"584",2020-05-05 07:00:00,6.489992,273.17984
"585",2020-05-05 08:00:00,6.489992,273.17984
"586",2020-05-05 09:00:00,5.0911684,315
"587",2020-05-05 10:00:00,5.7599998,360
"588",2020-05-05 11:00:00,4.8965297,36.027374
"589",2020-05-05 12:00:00,3.8268526,48.81407
"590",2020-05-05 13:00:00,4.1046314,37.87497
"591",2020-05-05 14:00:00,2.9024127,60.25511
"592",2020-05-05 15:00:00,1.8,89.99999
"593",2020-05-05 16:00:00,1.2979984,146.30994
"594",2020-05-05 17:00:00,2.3051248,128.6598
"595",2020-05-05 18:00:00,5.3517847,109.653824
"596",2020-05-05 19:00:00,12.24,89.99999
"597",2020-05-05 20:00:00,10.239453,79.87532
"598",2020-05-05 21:00:00,2.4149535,63.43495
"599",2020-05-05 22:00:00,1.835647,281.30994
"600",2020-05-05 23:00:00,1.9386592,338.1986
"601",2020-05-06 00:00:00,3.671294,348.69006
"602",2020-05-06 01:00:00,5.2416787,285.9454
"603",2020-05-06 02:00:00,7.92,270
"604",2020-05-06 03:00:00,9.885262,280.4915
"605",2020-05-06 04:00:00,8.64,270
"606",2020-05-06 05:00:00,7.5685663,267.27368
"607",2020-05-06 06:00:00,6.9899354,281.88867
"608",2020-05-06 07:00:00,5.815978,291.8014
"609",2020-05-06 08:00:00,5.6233797,230.19443
"610",2020-05-06 09:00:00,3.8939953,303.69006
"611",2020-05-06 10:00:00,3.6,360
"612",2020-05-06 11:00:00,5.4477882,352.40536
"613",2020-05-06 12:00:00,7.9526596,5.194412
"614",2020-05-06 13:00:00,4.39436,34.99202
"615",2020-05-06 14:00:00,2.2768397,71.56504
"616",2020-05-06 15:00:00,1.2979984,56.30993
"617",2020-05-06 16:00:00,1.484318,255.96376
"618",2020-05-06 17:00:00,3.9763298,264.80557
"619",2020-05-06 18:00:00,5.04,270
"620",2020-05-06 19:00:00,7.342588,258.69006
"621",2020-05-06 20:00:00,4.198285,239.03624
"622",2020-05-06 21:00:00,8.435069,230.19443
"623",2020-05-06 22:00:00,10.30883,245.22485
"624",2020-05-06 23:00:00,11.177405,255.06857
"625",2020-05-07 00:00:00,10.182337,261.8699
"626",2020-05-07 01:00:00,9.72,270
"627",2020-05-07 02:00:00,7.208994,267.1376
"628",2020-05-07 03:00:00,6.489992,250.55997
"629",2020-05-07 04:00:00,4.39436,235.00798
"630",2020-05-07 05:00:00,3.396233,212.00539
"631",2020-05-07 06:00:00,5.315336,208.30077
"632",2020-05-07 07:00:00,4.2136917,199.98311
"633",2020-05-07 08:00:00,2.3051248,231.3402
"634",2020-05-07 09:00:00,0,180
"635",2020-05-07 10:00:00,1.4399999,270
"636",2020-05-07 11:00:00,1.8,306.8699
"637",2020-05-07 12:00:00,3.2599385,6.340164
"638",2020-05-07 13:00:00,6.9153743,51.34018
"639",2020-05-07 14:00:00,10.365251,69.67686
"640",2020-05-07 15:00:00,6.924738,81.02737
"641",2020-05-07 16:00:00,1.5273507,135
"642",2020-05-07 17:00:00,3.8773184,201.8014
"643",2020-05-07 18:00:00,4.510787,208.61046
"644",2020-05-07 19:00:00,4.3498964,204.44395
"645",2020-05-07 20:00:00,5.771239,86.42367
"646",2020-05-07 21:00:00,5.5887027,104.93142
"647",2020-05-07 22:00:00,6.151683,110.556046
"648",2020-05-07 23:00:00,6.489992,123.69006
"649",2020-05-08 00:00:00,7.8954163,133.15239
"650",2020-05-08 01:00:00,6.489992,123.69006
"651",2020-05-08 02:00:00,4.8965297,53.97262
"652",2020-05-08 03:00:00,7.7879906,303.69006
"653",2020-05-08 04:00:00,11.5199995,270
"654",2020-05-08 05:00:00,12.261158,273.36646
"655",2020-05-08 06:00:00,11.879999,270
"656",2020-05-08 07:00:00,11.901798,266.53177
"657",2020-05-08 08:00:00,3.319036,310.60132
"658",2020-05-08 09:00:00,5.4477882,7.594635
"659",2020-05-08 10:00:00,5.6920996,18.434952
"660",2020-05-08 11:00:00,4.39436,34.99202
"661",2020-05-08 12:00:00,3.563818,44.999985
"662",2020-05-08 13:00:00,4.39436,34.99202
"663",2020-05-08 14:00:00,2.52,360
"664",2020-05-08 15:00:00,1.0182338,225
"665",2020-05-08 16:00:00,2.6208394,195.9454
"666",2020-05-08 17:00:00,5.692099,145.30484
"667",2020-05-08 18:00:00,5.0911684,171.8699
"668",2020-05-08 19:00:00,7.2359104,174.28941
"669",2020-05-08 20:00:00,3.2599385,83.65981
"670",2020-05-08 21:00:00,0.5091169,315
"671",2020-05-08 22:00:00,7.6367526,225
"672",2020-05-08 23:00:00,7.92,180
"673",2020-05-09 00:00:00,3.319036,347.4712
"674",2020-05-09 01:00:00,11.525623,308.65982
"675",2020-05-09 02:00:00,8.759178,279.46234
"676",2020-05-09 03:00:00,12.496719,281.63364
"677",2020-05-09 04:00:00,16.394829,289.23068
"678",2020-05-09 05:00:00,21.261345,331.69925
"679",2020-05-09 06:00:00,14.76439,315
"680",2020-05-09 07:00:00,13.004922,311.63354
"681",2020-05-09 08:00:00,3.319036,347.4712
"682",2020-05-09 09:00:00,1.8,53.130096
"683",2020-05-09 10:00:00,1.4399999,360
"684",2020-05-09 11:00:00,3.8268526,318.8141
"685",2020-05-09 12:00:00,5.1919937,303.69006
"686",2020-05-09 13:00:00,5.1919937,326.30994
"687",2020-05-09 14:00:00,5.0911684,8.130096
"688",2020-05-09 15:00:00,5.95906,25.016876
"689",2020-05-09 16:00:00,5.506941,11.309921
"690",2020-05-09 17:00:00,3.396233,32.005356
"691",2020-05-09 18:00:00,3.8268526,41.18593
"692",2020-05-09 19:00:00,3.8939953,33.690063
"693",2020-05-09 20:00:00,10.739832,50.440323
"694",2020-05-09 21:00:00,10.464797,40.81508
"695",2020-05-09 22:00:00,9.449572,49.635452
"696",2020-05-09 23:00:00,13.513193,41.7603
"697",2020-05-10 00:00:00,11.681987,33.690063
"698",2020-05-10 01:00:00,6.12,28.07248
"699",2020-05-10 02:00:00,1.5273507,44.999985
"700",2020-05-10 03:00:00,2.5959969,236.30994
"701",2020-05-10 04:00:00,5.95906,244.98311
"702",2020-05-10 05:00:00,9,253.7398
"703",2020-05-10 06:00:00,8.759178,260.5377
"704",2020-05-10 07:00:00,7.208994,267.1376
"705",2020-05-10 08:00:00,1.609969,243.43495
"706",2020-05-10 09:00:00,3.396233,302.00537
"707",2020-05-10 10:00:00,6.519877,353.65985
"708",2020-05-10 11:00:00,5.4119864,3.8140564
"709",2020-05-10 12:00:00,3.6179552,5.7105865
"710",2020-05-10 13:00:00,1.609969,296.56506
"711",2020-05-10 14:00:00,3.671294,258.69006
"712",2020-05-10 15:00:00,3.5455887,293.9625
"713",2020-05-10 16:00:00,1.4399999,270
"714",2020-05-10 17:00:00,2.1897945,99.46232
"715",2020-05-10 18:00:00,6.489992,93.179825
"716",2020-05-10 19:00:00,8.28,89.99999
"717",2020-05-10 20:00:00,8.714677,38.290146
"718",2020-05-10 21:00:00,7.145796,49.085617
"719",2020-05-10 22:00:00,3.8939953,236.30994
"720",2020-05-10 23:00:00,13.513193,228.2397
"721",2020-05-11 00:00:00,18.892282,239.03624
"722",2020-05-11 01:00:00,21.273533,246.0375
"723",2020-05-11 02:00:00,15.941944,263.51694
"724",2020-05-11 03:00:00,11.440978,282.72437
"725",2020-05-11 04:00:00,8.654986,286.92752
"726",2020-05-11 05:00:00,6.9899354,281.88867
"727",2020-05-11 06:00:00,3.6,270
"728",2020-05-11 07:00:00,4.198285,239.03624
"729",2020-05-11 08:00:00,1.609969,296.56506
"730",2020-05-11 09:00:00,4.5536795,341.56506
"731",2020-05-11 10:00:00,5.04,360
"732",2020-05-11 11:00:00,3.319036,40.601288
"733",2020-05-11 12:00:00,2.5455842,98.1301
"734",2020-05-11 13:00:00,2.0991426,120.96376
"735",2020-05-11 14:00:00,1.9386592,111.80141
"736",2020-05-11 15:00:00,5.5887027,104.93142
"737",2020-05-11 16:00:00,10.464797,116.56505
"738",2020-05-11 17:00:00,12.72283,115.11483
"739",2020-05-11 18:00:00,13.0447235,117.97947
"740",2020-05-11 19:00:00,13.684735,116.56505
"741",2020-05-11 20:00:00,12.074766,116.56505
"742",2020-05-11 21:00:00,9.339208,117.55281
"743",2020-05-11 22:00:00,5.634891,116.56505
"744",2020-05-11 23:00:00,3.8773184,158.1986
"745",2020-05-12 00:00:00,6.193674,215.53769
"746",2020-05-12 01:00:00,8.587338,236.97614
"747",2020-05-12 02:00:00,7.42159,255.96376
"748",2020-05-12 03:00:00,7.9932976,262.23483
"749",2020-05-12 04:00:00,8.647496,267.61407
"750",2020-05-12 05:00:00,9.028754,274.5739
"751",2020-05-12 06:00:00,8.64,270
"752",2020-05-12 07:00:00,8.759178,260.5377
"753",2020-05-12 08:00:00,7.208994,272.8624
"754",2020-05-12 09:00:00,6.8777895,312.8789
"755",2020-05-12 10:00:00,7.5170207,343.30075
"756",2020-05-12 11:00:00,6.12,360
"757",2020-05-12 12:00:00,4.829907,26.565033
"758",2020-05-12 13:00:00,4.510787,61.38954
"759",2020-05-12 14:00:00,5.0911684,98.1301
"760",2020-05-12 15:00:00,5.5887027,104.93142
"761",2020-05-12 16:00:00,6.725354,105.5241
"762",2020-05-12 17:00:00,9.6932955,105.06849
"763",2020-05-12 18:00:00,10.390226,104.03624
"764",2020-05-12 19:00:00,14.05845,87.06432
"765",2020-05-12 20:00:00,14.561099,81.46923
"766",2020-05-12 21:00:00,7.9932976,82.23483
"767",2020-05-12 22:00:00,4.072935,44.999985
"768",2020-05-12 23:00:00,4.452954,14.03624
