"","timestamp","Sierra.Tomóchic.Wind.Speed..80.m.","Sierra.Tomóchic.Wind.Direction..80.m."
"1",2020-04-14 00:00:00,17.58481,247.10945
"2",2020-04-14 01:00:00,14.973577,242.8189
"3",2020-04-14 02:00:00,14.48972,243.43495
"4",2020-04-14 03:00:00,13.527572,244.79889
"5",2020-04-14 04:00:00,11.592895,244.23068
"6",2020-04-14 05:00:00,9.983106,244.359
"7",2020-04-14 06:00:00,6.763786,244.79889
"8",2020-04-14 07:00:00,5.1919937,236.30994
"9",2020-04-14 08:00:00,4.8433046,221.98721
"10",2020-04-14 09:00:00,2.7416782,203.1986
"11",2020-04-14 10:00:00,5.692099,235.30484
"12",2020-04-14 11:00:00,12.074766,243.43495
"13",2020-04-14 12:00:00,17.25373,246.64444
"14",2020-04-14 13:00:00,21.629978,251.56506
"15",2020-04-14 14:00:00,25.582806,256.1593
"16",2020-04-14 15:00:00,29.09103,257.8557
"17",2020-04-14 16:00:00,31.559088,258.81824
"18",2020-04-14 17:00:00,31.70658,257.54175
"19",2020-04-14 18:00:00,31.786186,256.9081
"20",2020-04-14 19:00:00,30.222849,257.61926
"21",2020-04-14 20:00:00,26.882141,262.30396
"22",2020-04-14 21:00:00,23.78453,267.39743
"23",2020-04-14 22:00:00,23.0653,272.68378
"24",2020-04-14 23:00:00,19.296133,278.58362
"25",2020-04-15 00:00:00,13.979871,281.88867
"26",2020-04-15 01:00:00,10.390226,284.03625
"27",2020-04-15 02:00:00,8.473393,282.26477
"28",2020-04-15 03:00:00,7.172949,287.52557
"29",2020-04-15 04:00:00,6.489992,289.44003
"30",2020-04-15 05:00:00,5.3517847,289.6538
"31",2020-04-15 06:00:00,5.8048253,262.875
"32",2020-04-15 07:00:00,6.4799995,270
"33",2020-04-15 08:00:00,4.896529,252.89728
"34",2020-04-15 09:00:00,4.3498964,245.55606
"35",2020-04-15 10:00:00,9.346143,254.35776
"36",2020-04-15 11:00:00,16.73516,251.1753
"37",2020-04-15 12:00:00,21.046917,257.15228
"38",2020-04-15 13:00:00,24.442911,260.67642
"39",2020-04-15 14:00:00,27.645092,261.76437
"40",2020-04-15 15:00:00,29.339449,263.65982
"41",2020-04-15 16:00:00,31.093666,264.68546
"42",2020-04-15 17:00:00,31.06239,265.34665
"43",2020-04-15 18:00:00,31.06239,265.34665
"44",2020-04-15 19:00:00,28.802248,270.71616
"45",2020-04-15 20:00:00,24.216522,275.1173
"46",2020-04-15 21:00:00,19.201874,276.4588
"47",2020-04-15 22:00:00,18.584509,278.91492
"48",2020-04-15 23:00:00,16.808569,279.8658
"49",2020-04-16 00:00:00,11.609651,277.125
"50",2020-04-16 01:00:00,8.311245,265.03027
"51",2020-04-16 02:00:00,6.9899354,258.11133
"52",2020-04-16 03:00:00,5.8603754,259.38034
"53",2020-04-16 04:00:00,4.802999,257.00537
"54",2020-04-16 05:00:00,3.7585104,253.30075
"55",2020-04-16 06:00:00,3.219938,243.43495
"56",2020-04-16 07:00:00,5.6233797,219.80557
"57",2020-04-16 08:00:00,5.00128,210.25644
"58",2020-04-16 09:00:00,3.0547013,225
"59",2020-04-16 10:00:00,7.24486,243.43495
"60",2020-04-16 11:00:00,16.434305,241.18921
"61",2020-04-16 12:00:00,20.46941,246.13983
"62",2020-04-16 13:00:00,22.884789,250.70996
"63",2020-04-16 14:00:00,25.96496,253.07248
"64",2020-04-16 15:00:00,28.241077,252.95097
"65",2020-04-16 16:00:00,31.205997,253.23746
"66",2020-04-16 17:00:00,32.10667,252.37772
"67",2020-04-16 18:00:00,32.217484,251.76752
"68",2020-04-16 19:00:00,28.528723,259.8245
"69",2020-04-16 20:00:00,25.006397,263.38654
"70",2020-04-16 21:00:00,20.674158,262.99872
"71",2020-04-16 22:00:00,14.917212,261.67435
"72",2020-04-16 23:00:00,10.390226,255.96376
"73",2020-04-17 00:00:00,8.707237,240.25513
"74",2020-04-17 01:00:00,8.78872,235.00798
"75",2020-04-17 02:00:00,8.942214,229.8991
"76",2020-04-17 03:00:00,8.435069,230.19443
"77",2020-04-17 04:00:00,8.435069,230.19443
"78",2020-04-17 05:00:00,8.435069,230.19443
"79",2020-04-17 06:00:00,9.1641035,225
"80",2020-04-17 07:00:00,20.26899,236.59218
"81",2020-04-17 08:00:00,13.746156,225
"82",2020-04-17 09:00:00,16.039202,224.09062
"83",2020-04-17 10:00:00,20.390114,222.1376
"84",2020-04-17 11:00:00,20.88,223.60281
"85",2020-04-17 12:00:00,28.227304,232.2532
"86",2020-04-17 13:00:00,31.65135,236.1292
"87",2020-04-17 14:00:00,33.05145,237.00229
"88",2020-04-17 15:00:00,33.05145,237.00229
"89",2020-04-17 16:00:00,33.96233,237.99463
"90",2020-04-17 17:00:00,34.154495,237.48248
"91",2020-04-17 18:00:00,33.851486,237.15495
"92",2020-04-17 19:00:00,28.99062,241.84381
"93",2020-04-17 20:00:00,22.881958,245.85446
"94",2020-04-17 21:00:00,16.981165,248.87527
"95",2020-04-17 22:00:00,13.708391,246.8014
"96",2020-04-17 23:00:00,11.269782,243.43495
"97",2020-04-18 00:00:00,9.983106,244.359
"98",2020-04-18 01:00:00,9.339208,242.44719
"99",2020-04-18 02:00:00,8.707237,240.25513
"100",2020-04-18 03:00:00,7.8954163,245.77226
"101",2020-04-18 04:00:00,8.854829,243.43495
"102",2020-04-18 05:00:00,9.178235,244.44003
"103",2020-04-18 06:00:00,9.339208,242.44719
"104",2020-04-18 07:00:00,8.534353,242.35403
"105",2020-04-18 08:00:00,6.297428,239.03625
"106",2020-04-18 09:00:00,10.829958,248.55226
"107",2020-04-18 10:00:00,23.188583,242.24146
"108",2020-04-18 11:00:00,28.712116,239.8987
"109",2020-04-18 12:00:00,32.2396,240.57254
"110",2020-04-18 13:00:00,35.598152,241.62076
"111",2020-04-18 14:00:00,39.134167,242.02054
"112",2020-04-18 15:00:00,40.743664,242.07642
"113",2020-04-18 16:00:00,42.986473,243.64954
"114",2020-04-18 17:00:00,43.82695,245.7508
"115",2020-04-18 18:00:00,42.732468,246.67465
"116",2020-04-18 19:00:00,40.998924,253.15619
"117",2020-04-18 20:00:00,33.3792,253.71509
"118",2020-04-18 21:00:00,27.103,253.00919
"119",2020-04-18 22:00:00,23.006226,249.86371
"120",2020-04-18 23:00:00,20.991426,247.83365
"121",2020-04-19 00:00:00,21.129885,246.9296
"122",2020-04-19 01:00:00,21.068459,250.0169
"123",2020-04-19 02:00:00,20.620806,253.77982
"124",2020-04-19 03:00:00,17.727943,257.0926
"125",2020-04-19 04:00:00,14.241629,253.85567
"126",2020-04-19 05:00:00,11.298495,247.52057
"127",2020-04-19 06:00:00,10.630672,241.69925
"128",2020-04-19 07:00:00,10.041354,255.46555
"129",2020-04-19 08:00:00,5.315336,241.69925
"130",2020-04-19 09:00:00,7.072878,255.25644
"131",2020-04-19 10:00:00,10.661107,258.31064
"132",2020-04-19 11:00:00,18.94024,261.25385
"133",2020-04-19 12:00:00,22.782625,264.5597
"134",2020-04-19 13:00:00,26.67889,266.90594
"135",2020-04-19 14:00:00,29.888672,268.61966
"136",2020-04-19 15:00:00,31.338614,268.0251
"137",2020-04-19 16:00:00,32.09052,266.78452
"138",2020-04-19 17:00:00,31.810638,264.80557
"139",2020-04-19 18:00:00,31.526215,263.44305
"140",2020-04-19 19:00:00,31.129074,264.0257
"141",2020-04-19 20:00:00,25.919998,270
"142",2020-04-19 21:00:00,21.2522,271.94147
"143",2020-04-19 22:00:00,16.93531,267.56335
"144",2020-04-19 23:00:00,12.7279215,261.8699
"145",2020-04-20 00:00:00,11.384199,251.56506
"146",2020-04-20 01:00:00,10.636766,246.0375
"147",2020-04-20 02:00:00,10.144082,242.52557
"148",2020-04-20 03:00:00,9.19939,239.42078
"149",2020-04-20 04:00:00,9,233.1301
"150",2020-04-20 05:00:00,8.161764,228.57634
"151",2020-04-20 06:00:00,8.913181,223.36343
"152",2020-04-20 07:00:00,8.891343,238.24052
"153",2020-04-20 08:00:00,5.6002855,225
"154",2020-04-20 09:00:00,7.729527,242.24146
"155",2020-04-20 10:00:00,14.24163,249.27444
"156",2020-04-20 11:00:00,23.491207,254.8989
"157",2020-04-20 12:00:00,25.984917,259.62415
"158",2020-04-20 13:00:00,28.30983,262.69424
"159",2020-04-20 14:00:00,30.77105,263.9559
"160",2020-04-20 15:00:00,31.845251,264.16052
"161",2020-04-20 16:00:00,32.91983,264.35175
"162",2020-04-20 17:00:00,32.59939,263.65982
"163",2020-04-20 18:00:00,32.527744,264.9204
"164",2020-04-20 19:00:00,30.602118,270.67404
"165",2020-04-20 20:00:00,27.009598,271.52753
"166",2020-04-20 21:00:00,23.803596,273.46823
"167",2020-04-20 22:00:00,20.523155,271.0051
"168",2020-04-20 23:00:00,13.339445,266.90594
"169",2020-04-21 00:00:00,11.090103,256.86597
"170",2020-04-21 01:00:00,9.360001,247.38014
"171",2020-04-21 02:00:00,9.028754,246.50143
"172",2020-04-21 03:00:00,8.534353,242.35403
"173",2020-04-21 04:00:00,8.0899935,237.72437
"174",2020-04-21 05:00:00,7.2,233.1301
"175",2020-04-21 06:00:00,7.386582,226.97495
"176",2020-04-21 07:00:00,6.8777895,222.8789
"177",2020-04-21 08:00:00,7.289445,212.90524
"178",2020-04-21 09:00:00,5.315336,208.30077
"179",2020-04-21 10:00:00,8.78872,235.00798
"180",2020-04-21 11:00:00,15.315873,246.44774
"181",2020-04-21 12:00:00,18.556595,251.91656
"182",2020-04-21 13:00:00,22.007162,254.82709
"183",2020-04-21 14:00:00,26.983194,256.8908
"184",2020-04-21 15:00:00,30.85307,258.55896
"185",2020-04-21 16:00:00,33.74796,258.9298
"186",2020-04-21 17:00:00,34.674183,257.40668
"187",2020-04-21 18:00:00,35.538033,256.52686
"188",2020-04-21 19:00:00,34.245445,257.8632
"189",2020-04-21 20:00:00,30.54701,261.8699
"190",2020-04-21 21:00:00,26.795223,263.82983
"191",2020-04-21 22:00:00,23.893261,263.9458
"192",2020-04-21 23:00:00,20.969805,258.11133
"193",2020-04-20 00:00:00,14.05845,256.67548
"194",2020-04-20 01:00:00,11.631956,248.1986
"195",2020-04-20 02:00:00,10.948973,242.59244
"196",2020-04-20 03:00:00,10.495713,239.03624
"197",2020-04-20 04:00:00,10.587918,234.68878
"198",2020-04-20 05:00:00,9.793059,233.97263
"200",2020-04-20 07:00:00,8.14587,225
"201",2020-04-20 08:00:00,8.404285,223.2643
"202",2020-04-20 09:00:00,7.491114,234.78241
"203",2020-04-20 10:00:00,14.33234,244.72229
"204",2020-04-20 11:00:00,23.933908,254.29138
"205",2020-04-20 12:00:00,26.82906,258.38852
"206",2020-04-20 13:00:00,28.410364,261.25385
"207",2020-04-20 14:00:00,30.413074,263.8845
"208",2020-04-20 15:00:00,31.394394,266.0548
"209",2020-04-20 16:00:00,32.44996,266.8202
"210",2020-04-20 17:00:00,32.09052,266.78452
"211",2020-04-20 18:00:00,32.058193,268.06943
"212",2020-04-20 19:00:00,30.602118,269.32596
"213",2020-04-20 20:00:00,27.359999,270
"214",2020-04-20 21:00:00,24.130743,268.2902
"215",2020-04-20 22:00:00,22.104116,263.4537
"216",2020-04-20 23:00:00,17.227419,259.1597
"217",2020-04-21 00:00:00,12.768586,248.49857
"218",2020-04-21 01:00:00,10.990322,238.3925
"219",2020-04-21 02:00:00,10.799999,233.1301
"220",2020-04-21 03:00:00,10.233123,230.7106
"221",2020-04-21 04:00:00,10.009036,232.30576
"222",2020-04-21 05:00:00,9.178235,228.17984
"224",2020-04-21 07:00:00,6.28713,256.7595
"225",2020-04-21 08:00:00,4.8965297,233.97263
"226",2020-04-21 09:00:00,3.0547013,225
"227",2020-04-21 10:00:00,5.634891,243.43495
"228",2020-04-21 11:00:00,11.440979,245.85446
"229",2020-04-21 12:00:00,15.596767,251.14685
"230",2020-04-21 13:00:00,19.64558,256.2184
"231",2020-04-21 14:00:00,24.569832,259.01935
"232",2020-04-21 15:00:00,28.82249,260.65533
"233",2020-04-21 16:00:00,32.43398,261.06042
"234",2020-04-21 17:00:00,34.10133,259.04596
"235",2020-04-21 18:00:00,35.105072,256.96136
"236",2020-04-21 19:00:00,35.281837,261.78723
"237",2020-04-21 20:00:00,31.616526,262.14667
"238",2020-04-21 21:00:00,26.987997,260.78897
"239",2020-04-21 22:00:00,25.567604,260.27243
"240",2020-04-21 23:00:00,23.863409,258.69006
"241",2020-04-22 00:00:00,19.829433,254.1975
"242",2020-04-22 01:00:00,19.386591,254.93152
"243",2020-04-22 02:00:00,19.211996,257.00537
"244",2020-04-22 03:00:00,19.35314,260.36246
"245",2020-04-22 04:00:00,20.991426,264.09387
"246",2020-04-22 05:00:00,20.598795,264.98688
"247",2020-04-22 06:00:00,19.917469,263.77417
"248",2020-04-22 07:00:00,17.651016,258.23172
"249",2020-04-22 08:00:00,11.841756,250.46335
"250",2020-04-22 09:00:00,19.13426,258.05585
"251",2020-04-22 10:00:00,31.92654,262.875
"252",2020-04-22 11:00:00,33.908863,266.34778
"253",2020-04-22 12:00:00,36.748222,267.75427
"254",2020-04-22 13:00:00,38.546906,267.8591
"255",2020-04-22 14:00:00,41.406258,269.00366
"256",2020-04-22 15:00:00,42.841507,269.51855
"257",2020-04-22 16:00:00,43.56,270
"258",2020-04-22 17:00:00,42.121536,270.4897
"259",2020-04-22 18:00:00,40.018333,273.09406
"260",2020-04-22 19:00:00,39.254856,281.10382
"261",2020-04-22 20:00:00,31.70658,282.45825
"262",2020-04-22 21:00:00,23.510508,281.482
"263",2020-04-22 22:00:00,20.617662,282.09476
"264",2020-04-22 23:00:00,16.520823,281.30994
"265",2020-04-23 00:00:00,14.081478,274.3987
"266",2020-04-23 01:00:00,10.446206,268.0251
"267",2020-04-23 02:00:00,6.830519,251.56506
"268",2020-04-23 03:00:00,5.1165614,230.7106
"269",2020-04-23 04:00:00,4.39436,214.99202
"270",2020-04-23 05:00:00,4.3498964,204.44395
"271",2020-04-23 06:00:00,4.1046314,195.25513
"272",2020-04-23 07:00:00,0.8049845,206.56505
"273",2020-04-23 08:00:00,3.2399998,180
"274",2020-04-23 09:00:00,1.4399999,180
"275",2020-04-23 10:00:00,0,180
"276",2020-04-23 11:00:00,2.0991426,300.96378
"277",2020-04-23 12:00:00,6.0347,287.35403
"278",2020-04-23 13:00:00,12.303366,290.55603
"279",2020-04-23 14:00:00,18.03237,296.0535
"280",2020-04-23 15:00:00,21.900904,295.3014
"281",2020-04-23 16:00:00,24.819122,293.9625
"282",2020-04-23 17:00:00,25.872454,291.20923
"283",2020-04-23 18:00:00,26.758923,289.6538
"284",2020-04-23 19:00:00,29.374763,289.32318
"285",2020-04-23 20:00:00,25.071096,285.8324
"286",2020-04-23 21:00:00,21.046917,282.84772
"287",2020-04-23 22:00:00,18.228943,279.09027
"288",2020-04-23 23:00:00,16.039202,279.0395
"289",2020-04-24 00:00:00,11.183201,273.6914
"290",2020-04-24 01:00:00,6.519877,263.65982
"291",2020-04-24 02:00:00,4.2136917,250.0169
"292",2020-04-24 03:00:00,3.096837,234.46233
"293",2020-04-24 04:00:00,3.096837,234.46233
"294",2020-04-24 05:00:00,2.4149535,243.43495
"295",2020-04-24 06:00:00,2.0991426,239.03624
"296",2020-04-24 07:00:00,7.2805495,261.46924
"297",2020-04-24 08:00:00,5.4477882,262.40536
"298",2020-04-24 09:00:00,4.32,270
"299",2020-04-24 10:00:00,7.172949,287.52557
"300",2020-04-24 11:00:00,10.990322,301.6075
"301",2020-04-24 12:00:00,11.923557,298.8866
"302",2020-04-24 13:00:00,13.37825,293.80597
"303",2020-04-24 14:00:00,17.533146,289.17902
"304",2020-04-24 15:00:00,21.9718,288.1381
"305",2020-04-24 16:00:00,26.554728,285.732
"306",2020-04-24 17:00:00,29.337238,284.20676
"307",2020-04-24 18:00:00,30.735231,283.54794
"308",2020-04-24 19:00:00,31.956968,292.52057
"309",2020-04-24 20:00:00,27.811018,291.2505
"310",2020-04-24 21:00:00,23.565567,288.71173
"311",2020-04-24 22:00:00,22.206486,289.90375
"312",2020-04-24 23:00:00,20.188908,291.99115
"313",2020-04-25 00:00:00,16.09969,296.56506
"314",2020-04-25 01:00:00,9.021574,298.61047
"315",2020-04-25 02:00:00,6.151683,290.55603
"316",2020-04-25 03:00:00,4.802999,282.99463
"317",2020-04-25 04:00:00,4.1046314,285.25513
"318",2020-04-25 05:00:00,3.4152596,288.43497
"319",2020-04-25 06:00:00,3.0758414,290.55603
"320",2020-04-25 07:00:00,5.8603754,349.38034
"321",2020-04-25 08:00:00,5.0142193,338.9625
"322",2020-04-25 09:00:00,4.2136917,340.0169
"323",2020-04-25 10:00:00,4.68,360
"324",2020-04-25 11:00:00,3.9763298,354.8056
"325",2020-04-25 12:00:00,5.1919937,326.30994
"326",2020-04-25 13:00:00,7.127636,315
"327",2020-04-25 14:00:00,8.435069,309.80557
"328",2020-04-25 15:00:00,10.383987,303.69006
"329",2020-04-25 16:00:00,11.592894,306.1582
"330",2020-04-25 17:00:00,12.181624,304.1597
"331",2020-04-25 18:00:00,12.979984,303.69006
"332",2020-04-25 19:00:00,14.565548,309.98688
"333",2020-04-25 20:00:00,14.291592,310.91437
"334",2020-04-25 21:00:00,11.720751,317.48956
"335",2020-04-25 22:00:00,8.534353,332.35403
"336",2020-04-25 23:00:00,7.928178,357.39746
"337",2020-04-26 00:00:00,9,16.260193
"338",2020-04-26 01:00:00,10.009036,37.69423
"339",2020-04-26 02:00:00,10.296251,53.53076
"340",2020-04-26 03:00:00,10.495713,67.83366
"341",2020-04-26 04:00:00,11.367109,79.04594
"342",2020-04-26 05:00:00,10.799999,89.99999
"343",2020-04-26 06:00:00,11.252519,97.35238
"344",2020-04-26 07:00:00,10.829959,105.42216
"345",2020-04-26 08:00:00,7.9932976,97.76516
"346",2020-04-26 09:00:00,12.303366,110.556046
"347",2020-04-26 10:00:00,16.575644,124.38034
"348",2020-04-26 11:00:00,17.057314,134.1449
"349",2020-04-26 12:00:00,15.408671,142.59465
"350",2020-04-26 13:00:00,12.224107,166.373
"351",2020-04-26 14:00:00,10.365251,200.32314
"352",2020-04-26 15:00:00,11.246759,230.19443
"353",2020-04-26 16:00:00,12.904882,247.01129
"354",2020-04-26 17:00:00,17.106628,261.52887
"355",2020-04-26 18:00:00,23.042812,270.89517
"356",2020-04-26 19:00:00,34.417206,285.78076
"357",2020-04-26 20:00:00,28.483257,286.14435
"358",2020-04-26 21:00:00,24.569832,280.98065
"359",2020-04-26 22:00:00,21.791153,277.59464
"360",2020-04-26 23:00:00,18.03237,273.43362
"361",2020-04-27 00:00:00,14.471821,264.28943
"362",2020-04-27 01:00:00,11.043261,250.9744
"363",2020-04-27 02:00:00,10.086427,235.1755
"364",2020-04-27 03:00:00,8.654987,225
"365",2020-04-27 04:00:00,7.386582,226.97495
"366",2020-04-27 05:00:00,6.1305785,229.76364
"367",2020-04-27 06:00:00,5.3999996,233.1301
"368",2020-04-27 07:00:00,4.198285,239.03624
"369",2020-04-27 08:00:00,3.7064266,240.9454
"370",2020-04-27 09:00:00,2.52,270
"371",2020-04-27 10:00:00,6.130579,273.36646
"372",2020-04-27 11:00:00,10.308831,257.90524
"373",2020-04-27 12:00:00,13.779114,250.14479
"374",2020-04-27 13:00:00,16.965895,252.7185
"375",2020-04-27 14:00:00,20.008356,261.72412
"376",2020-04-27 15:00:00,22.7057,267.27368
"377",2020-04-27 16:00:00,26.28,270
"378",2020-04-27 17:00:00,28.100763,272.2026
"379",2020-04-27 18:00:00,30.676142,274.03772
"380",2020-04-27 19:00:00,31.845251,275.8395
"381",2020-04-27 20:00:00,30.453527,276.78897
"382",2020-04-27 21:00:00,28.943642,275.7106
"383",2020-04-27 22:00:00,27.908709,276.66666
"384",2020-04-27 23:00:00,24.993439,281.63364
"385",2020-04-26 00:00:00,8.427383,340.0169
"386",2020-04-26 01:00:00,7.2359104,354.28943
"387",2020-04-26 02:00:00,7.072878,14.743561
"388",2020-04-26 03:00:00,6.9153743,38.659805
"389",2020-04-26 04:00:00,7.729527,62.241455
"390",2020-04-26 05:00:00,8.473393,77.73522
"392",2020-04-26 07:00:00,11.090103,103.13402
"393",2020-04-26 08:00:00,11.27553,106.69924
"394",2020-04-26 09:00:00,10.966713,113.19859
"395",2020-04-26 10:00:00,14.84318,129.09386
"396",2020-04-26 11:00:00,16.641972,141.14662
"397",2020-04-26 12:00:00,14.973577,152.8189
"398",2020-04-26 13:00:00,12.24,180
"399",2020-04-26 14:00:00,12.031756,218.92755
"400",2020-04-26 15:00:00,14.182355,246.0375
"401",2020-04-26 16:00:00,16.87398,258.9298
"402",2020-04-26 17:00:00,21.24,270
"403",2020-04-26 18:00:00,26.525429,277.8002
"416",2020-04-27 07:00:00,5.8603754,222.51045
"417",2020-04-27 08:00:00,5.1165614,219.28941
"418",2020-04-27 09:00:00,4.3349743,265.23636
"419",2020-04-27 10:00:00,7.928178,267.39746
"420",2020-04-27 11:00:00,10.538843,262.14667
"421",2020-04-27 12:00:00,12.7279215,261.8699
"422",2020-04-27 13:00:00,14.471821,264.28943
"423",2020-04-27 14:00:00,17.64,270
"424",2020-04-27 15:00:00,20.598795,275.01312
"425",2020-04-27 16:00:00,25.153671,279.0579
"426",2020-04-27 17:00:00,27.887802,281.1649
"427",2020-04-27 18:00:00,31.003918,282.7453
"428",2020-04-27 19:00:00,33.973778,285.36163
"429",2020-04-27 20:00:00,28.73242,285.25513
"430",2020-04-27 21:00:00,24.826952,286.8584
"431",2020-04-27 22:00:00,22.086521,289.0256
"432",2020-04-27 23:00:00,21.129885,293.0704
"433",2020-04-28 00:00:00,20.799152,293.45905
"434",2020-04-28 01:00:00,14.917212,289.74683
"435",2020-04-28 02:00:00,10.948973,279.46234
"436",2020-04-28 03:00:00,7.9526596,264.80557
"437",2020-04-28 04:00:00,6.9527545,248.7495
"438",2020-04-28 05:00:00,6.193674,234.46233
"439",2020-04-28 06:00:00,5.6002855,225
"440",2020-04-28 07:00:00,5.00128,239.74356
"441",2020-04-28 08:00:00,3.0758414,249.44395
"442",2020-04-28 09:00:00,4.379589,279.46234
"443",2020-04-28 10:00:00,7.771331,283.39252
"444",2020-04-28 11:00:00,9.793058,287.10272
"445",2020-04-28 12:00:00,11.503113,290.1363
"446",2020-04-28 13:00:00,13.37825,293.80597
"447",2020-04-28 14:00:00,16.09969,296.56506
"448",2020-04-28 15:00:00,18.35647,295.55997
"449",2020-04-28 16:00:00,20.929594,296.56506
"450",2020-04-28 17:00:00,23.023117,296.9657
"451",2020-04-28 18:00:00,25.11758,297.29956
"452",2020-04-28 19:00:00,27.047956,296.9061
"453",2020-04-28 20:00:00,25.14852,293.6294
"454",2020-04-28 21:00:00,22.553934,294.51965
"455",2020-04-28 22:00:00,19.319628,296.56506
"456",2020-04-28 23:00:00,13.049689,294.44397
"457",2020-04-29 00:00:00,10.041354,284.53445
"458",2020-04-29 01:00:00,8.350138,277.4314
"459",2020-04-29 02:00:00,7.208994,272.8624
"460",2020-04-29 03:00:00,6.12,270
"461",2020-04-29 04:00:00,5.4119864,273.8141
"462",2020-04-29 05:00:00,5.0528407,274.08563
"463",2020-04-29 06:00:00,4.0249224,280.30487
"464",2020-04-29 07:00:00,4.39436,325.008
"465",2020-04-29 08:00:00,2.5959969,326.30994
"466",2020-04-29 09:00:00,2.5455842,351.8699
"467",2020-04-29 10:00:00,5.991594,32.735214
"468",2020-04-29 11:00:00,10.144082,62.52556
"469",2020-04-29 12:00:00,8.825508,78.231705
"470",2020-04-29 13:00:00,6.5693827,80.537674
"471",2020-04-29 14:00:00,6.0347,72.64597
"472",2020-04-29 15:00:00,5.315336,61.699234
"473",2020-04-29 16:00:00,6.4096174,51.842773
"474",2020-04-29 17:00:00,7.42159,50.906143
"475",2020-04-29 18:00:00,9.693296,58.671295
"476",2020-04-29 19:00:00,7.5942082,58.570435
"477",2020-04-29 20:00:00,10.829959,74.577835
"478",2020-04-29 21:00:00,12.24,89.99999
"479",2020-04-29 22:00:00,16.595179,102.52881
"480",2020-04-29 23:00:00,20.948164,109.05771
"481",2020-04-30 00:00:00,21.734581,116.56505
"482",2020-04-30 01:00:00,19.272614,122.79953
"483",2020-04-30 02:00:00,19.469976,123.69006
"484",2020-04-30 03:00:00,16.92383,128.08878
"485",2020-04-30 04:00:00,15.124284,128.23383
"486",2020-04-30 05:00:00,12.979984,123.69006
"487",2020-04-30 06:00:00,11.269782,116.56505
"488",2020-04-30 07:00:00,10.587918,125.31121
"489",2020-04-30 08:00:00,6.28713,103.24051
"490",2020-04-30 09:00:00,7.771331,103.392494
"491",2020-04-30 10:00:00,8.217153,118.81079
"492",2020-04-30 11:00:00,7.6367526,135
"493",2020-04-30 12:00:00,2.968636,165.96376
"494",2020-04-30 13:00:00,2.968636,284.03625
"495",2020-04-30 14:00:00,5.634891,296.56506
"496",2020-04-30 15:00:00,7.42159,292.83368
"497",2020-04-30 16:00:00,9.028754,293.49857
"498",2020-04-30 17:00:00,10.495713,292.16635
"499",2020-04-30 18:00:00,14.578888,290.22485
"500",2020-04-30 19:00:00,25.20257,270.81845
"501",2020-04-30 20:00:00,26.476522,281.7683
"502",2020-04-30 21:00:00,26.980793,288.6767
"503",2020-04-30 22:00:00,28.66468,295.2777
"504",2020-04-30 23:00:00,24.162947,298.4742
"505",2020-05-01 00:00:00,14.039999,292.61987
"506",2020-05-01 01:00:00,8.287822,272.48956
"507",2020-05-01 02:00:00,6.489992,250.55997
"508",2020-05-01 03:00:00,5.3999996,233.1301
"509",2020-05-01 04:00:00,4.5820518,225
"510",2020-05-01 05:00:00,3.563818,225
"511",2020-05-01 06:00:00,3.319036,229.39871
"512",2020-05-01 07:00:00,4.0249224,243.43495
"513",2020-05-01 08:00:00,2.0364676,225
"514",2020-05-01 09:00:00,2.2768397,251.56506
"515",2020-05-01 10:00:00,3.7064266,240.9454
"516",2020-05-01 11:00:00,7.145796,220.91438
"517",2020-05-01 12:00:00,10.233123,230.7106
"518",2020-05-01 13:00:00,12.10157,239.62088
"519",2020-05-01 14:00:00,14.24163,249.27444
"520",2020-05-01 15:00:00,15.281989,254.98164
"521",2020-05-01 16:00:00,18.486622,263.29016
"522",2020-05-01 17:00:00,21.602999,270.95483
"523",2020-05-01 18:00:00,24.648829,276.70984
"524",2020-05-01 19:00:00,8.089993,290.85446
"525",2020-05-01 20:00:00,11.440979,294.14554
"526",2020-05-01 21:00:00,15.175612,292.3062
"527",2020-05-01 22:00:00,14.578888,290.22485
"528",2020-05-01 23:00:00,10.931203,287.24146
"529",2020-05-02 00:00:00,8.669949,274.76364
"530",2020-05-02 01:00:00,7.208994,267.1376
"531",2020-05-02 02:00:00,6.9899354,258.11133
"532",2020-05-02 03:00:00,6.28713,256.7595
"533",2020-05-02 04:00:00,5.5887027,255.06857
"534",2020-05-02 05:00:00,5.154415,245.22485
"535",2020-05-02 06:00:00,4.8965297,233.97263
"536",2020-05-02 07:00:00,3.8773184,201.8014
"537",2020-05-02 08:00:00,2.16,180
"538",2020-05-02 09:00:00,2.2768397,198.43495
"539",2020-05-02 10:00:00,6.28713,203.62938
"540",2020-05-02 11:00:00,11.435313,208.17859
"541",2020-05-02 12:00:00,14.264361,227.04541
"542",2020-05-02 13:00:00,16.923828,240.70865
"543",2020-05-02 14:00:00,19.386593,248.1986
"544",2020-05-02 15:00:00,20.724247,252.8241
"545",2020-05-02 16:00:00,23.319553,261.11935
"546",2020-05-02 17:00:00,25.60053,266.77548
"547",2020-05-02 18:00:00,28.082308,270.73453
"548",2020-05-02 19:00:00,29.339449,276.34018
"549",2020-05-02 20:00:00,28.883131,280.04935
"550",2020-05-02 21:00:00,26.576681,278.56915
"551",2020-05-02 22:00:00,22.682856,270.9094
"552",2020-05-02 23:00:00,16.808569,260.1342
"553",2020-05-03 00:00:00,12.864649,252.07208
"554",2020-05-03 01:00:00,9.904906,250.90651
"555",2020-05-03 02:00:00,8.209263,254.74487
"556",2020-05-03 03:00:00,6.924738,261.02737
"557",2020-05-03 04:00:00,6.130579,266.63354
"558",2020-05-03 05:00:00,5.04,270
"559",2020-05-03 06:00:00,4.32,270
"560",2020-05-03 07:00:00,3.2399998,270
"561",2020-05-03 08:00:00,2.4149535,243.43495
"562",2020-05-03 09:00:00,1.2979984,236.30994
"563",2020-05-03 10:00:00,3.7064266,240.9454
"564",2020-05-03 11:00:00,7.8954163,223.15239
"565",2020-05-03 12:00:00,11.457958,226.27303
"566",2020-05-03 13:00:00,14.689588,233.97263
"567",2020-05-03 14:00:00,17.873556,242.40271
"568",2020-05-03 15:00:00,19.930477,249.92847
"569",2020-05-03 16:00:00,22.61419,256.185
"570",2020-05-03 17:00:00,24.74329,261.63412
"571",2020-05-03 18:00:00,27.397867,266.9872
"572",2020-05-03 19:00:00,28.820242,272.14758
"573",2020-05-03 20:00:00,28.227306,275.85602
"574",2020-05-03 21:00:00,24.216522,275.1173
"575",2020-05-03 22:00:00,22.7057,267.27368
"576",2020-05-03 23:00:00,17.309973,253.07248
"577",2020-05-05 00:00:00,10.1376915,263.8845
"578",2020-05-05 01:00:00,9,253.7398
"579",2020-05-05 02:00:00,8.557102,247.75098
"580",2020-05-05 03:00:00,8.089993,249.14554
"581",2020-05-05 04:00:00,7.5170207,253.30075
"582",2020-05-05 05:00:00,6.638072,257.4712
"583",2020-05-05 06:00:00,4.8965297,323.97263
"584",2020-05-05 07:00:00,5.3517847,340.3462
"585",2020-05-05 08:00:00,6.130579,356.63354
"586",2020-05-05 09:00:00,4.802999,12.994629
"587",2020-05-05 10:00:00,10.691453,44.999985
"588",2020-05-05 11:00:00,13.202726,64.13365
"589",2020-05-05 12:00:00,11.384199,71.56504
"590",2020-05-05 13:00:00,7.6367526,81.869896
"591",2020-05-05 14:00:00,5.1544156,77.905235
"592",2020-05-05 15:00:00,4.8965297,53.97262
"593",2020-05-05 16:00:00,5.1919937,33.690063
"594",2020-05-05 17:00:00,5.5887027,14.931412
"595",2020-05-05 18:00:00,6.924738,351.02737
"596",2020-05-05 19:00:00,19.513195,299.876
"597",2020-05-05 20:00:00,21.166653,311.5526
"598",2020-05-05 21:00:00,18.584509,314.2152
"599",2020-05-05 22:00:00,11.019764,321.6325
"600",2020-05-05 23:00:00,4.0249224,10.30484
"601",2020-05-06 00:00:00,8.64,89.99999
"602",2020-05-06 01:00:00,12.864649,107.92791
"603",2020-05-06 02:00:00,12.303366,110.556046
"604",2020-05-06 03:00:00,11.165805,110.772255
"605",2020-05-06 04:00:00,10.365251,110.323135
"606",2020-05-06 05:00:00,9.6932955,105.06849
"607",2020-05-06 06:00:00,9.9571085,102.52881
"608",2020-05-06 07:00:00,7.968939,108.434944
"609",2020-05-06 08:00:00,5.0911684,98.1301
"610",2020-05-06 09:00:00,7.2805495,98.53076
"611",2020-05-06 10:00:00,11.503113,110.1363
"612",2020-05-06 11:00:00,14.84318,104.03624
"613",2020-05-06 12:00:00,13.339445,93.094055
"614",2020-05-06 13:00:00,9.726665,87.8789
"615",2020-05-06 14:00:00,6.849467,86.98721
"616",2020-05-06 15:00:00,4.73506,81.25384
"617",2020-05-06 16:00:00,3.7585104,73.30075
"618",2020-05-06 17:00:00,2.5455842,44.999985
"619",2020-05-06 18:00:00,1.1384199,18.434952
"620",2020-05-06 19:00:00,20.345573,283.29858
"621",2020-05-06 20:00:00,22.530937,282.926
"622",2020-05-06 21:00:00,19.562946,282.75754
"623",2020-05-06 22:00:00,15.5843,276.6325
"624",2020-05-06 23:00:00,14.081478,274.3987
"625",2020-05-07 00:00:00,14.587776,285.7512
"626",2020-05-07 01:00:00,13.363711,297.25534
"627",2020-05-07 02:00:00,12.181624,304.1597
"628",2020-05-07 03:00:00,10.296251,306.46924
"629",2020-05-07 04:00:00,7.9036193,300.0686
"630",2020-05-07 05:00:00,5.937272,284.03625
"631",2020-05-07 06:00:00,5.4119864,266.1859
"632",2020-05-07 07:00:00,1.1384199,18.434952
"633",2020-05-07 08:00:00,0.71999997,89.99999
"634",2020-05-07 09:00:00,2.0991426,59.036232
"635",2020-05-07 10:00:00,4.1046314,52.125
"636",2020-05-07 11:00:00,4.829907,63.43495
"637",2020-05-07 12:00:00,2.5455842,81.869896
"638",2020-05-07 13:00:00,0.8049845,63.43495
"639",2020-05-07 14:00:00,2.52,270
"640",2020-05-07 15:00:00,6.830519,288.43497
"641",2020-05-07 16:00:00,10.1376915,263.8845
"642",2020-05-07 17:00:00,16.516901,249.59012
"643",2020-05-07 18:00:00,23.688984,253.21736
"644",2020-05-07 19:00:00,15.459054,297.75854
"645",2020-05-07 20:00:00,7.7879906,303.69006
"646",2020-05-07 21:00:00,7.2359104,354.28943
"647",2020-05-07 22:00:00,4.072935,44.999985
"648",2020-05-07 23:00:00,5.8603754,137.48955
"649",2020-05-08 00:00:00,13.684735,153.43495
"650",2020-05-08 01:00:00,20.12461,153.43495
"651",2020-05-08 02:00:00,18.58451,148.46521
"652",2020-05-08 03:00:00,13.104198,142.81529
"653",2020-05-08 04:00:00,8.707237,150.25511
"654",2020-05-08 05:00:00,7.8625183,164.0546
"655",2020-05-08 06:00:00,9.227524,159.44395
"656",2020-05-08 07:00:00,7.0911775,293.9625
"657",2020-05-08 08:00:00,3.671294,281.30994
"658",2020-05-08 09:00:00,4.8433046,311.98724
"659",2020-05-08 10:00:00,9.114471,350.90973
"660",2020-05-08 11:00:00,10.041354,14.534454
"661",2020-05-08 12:00:00,9.585739,34.286865
"662",2020-05-08 13:00:00,8.435069,39.805573
"663",2020-05-08 14:00:00,7.7043357,37.40535
"664",2020-05-08 15:00:00,7.653705,41.18593
"665",2020-05-08 16:00:00,7.145796,40.914368
"666",2020-05-08 17:00:00,5.0911684,44.999985
"667",2020-05-08 18:00:00,1.5273507,135
"668",2020-05-08 19:00:00,10.495713,120.96376
"669",2020-05-08 20:00:00,9.826088,151.55707
"670",2020-05-08 21:00:00,5.937272,165.96376
"671",2020-05-08 22:00:00,1.2979984,213.69006
"672",2020-05-08 23:00:00,1.0182338,225
"673",2020-05-09 00:00:00,2.52,180
"674",2020-05-09 01:00:00,10.296251,143.53076
"675",2020-05-09 02:00:00,18.864824,138.09406
"676",2020-05-09 03:00:00,15.484185,144.46231
"677",2020-05-09 04:00:00,12.24,151.9275
"678",2020-05-09 05:00:00,10.086427,145.1755
"679",2020-05-09 06:00:00,10.195057,132.13759
"680",2020-05-09 07:00:00,11.200571,135
"681",2020-05-09 08:00:00,7.4128532,119.054596
"682",2020-05-09 09:00:00,8.049845,116.56505
"683",2020-05-09 10:00:00,8.39657,120.96376
"684",2020-05-09 11:00:00,6.4096174,141.84277
"685",2020-05-09 12:00:00,1.1384199,251.56506
"686",2020-05-09 13:00:00,5.4833565,336.8014
"687",2020-05-09 14:00:00,6.830519,341.56506
"688",2020-05-09 15:00:00,6.439876,333.43497
"689",2020-05-09 16:00:00,6.297428,329.03625
"690",2020-05-09 17:00:00,6.8777895,317.1211
"691",2020-05-09 18:00:00,7.928177,309.47247
"692",2020-05-09 19:00:00,14.707222,291.541
"693",2020-05-09 20:00:00,16.485485,301.6075
"694",2020-05-09 21:00:00,14.689588,306.02737
"695",2020-05-09 22:00:00,13.584932,302.00537
"696",2020-05-09 23:00:00,10.30883,294.77515
"697",2020-05-10 00:00:00,8.209263,285.25513
"698",2020-05-10 01:00:00,6.9899354,281.88867
"699",2020-05-10 02:00:00,6.638072,282.5288
"700",2020-05-10 03:00:00,5.3517847,289.6538
"701",2020-05-10 04:00:00,3.6,306.8699
"702",2020-05-10 05:00:00,2.1897945,350.5377
"703",2020-05-10 06:00:00,1.9386592,68.19859
"704",2020-05-10 07:00:00,6.0347,107.35402
"705",2020-05-10 08:00:00,3.671294,101.30993
"706",2020-05-10 09:00:00,4.379589,99.46232
"707",2020-05-10 10:00:00,9.686609,138.01279
"708",2020-05-10 11:00:00,14.372974,157.9321
"709",2020-05-10 12:00:00,12.015589,171.38435
"710",2020-05-10 13:00:00,11.367109,190.95407
"711",2020-05-10 14:00:00,11.609651,209.74489
"712",2020-05-10 15:00:00,12.031756,231.07246
"713",2020-05-10 16:00:00,12.768586,248.49857
"714",2020-05-10 17:00:00,14.512064,262.875
"715",2020-05-10 18:00:00,18.72,270
"716",2020-05-10 19:00:00,23.051247,284.47028
"717",2020-05-10 20:00:00,21.868332,290.22485
"718",2020-05-10 21:00:00,20.991426,292.16635
"719",2020-05-10 22:00:00,18.514643,296.56506
"720",2020-05-10 23:00:00,11.592895,295.76935
"721",2020-05-11 00:00:00,8.825508,281.7683
"722",2020-05-11 01:00:00,7.5599995,270
"723",2020-05-11 02:00:00,6.638072,257.4712
"724",2020-05-11 03:00:00,6.830519,251.56506
"725",2020-05-11 04:00:00,6.6185193,247.61987
"726",2020-05-11 05:00:00,5.8048253,240.25513
"727",2020-05-11 06:00:00,6.193674,234.46233
"728",2020-05-11 07:00:00,0.35999998,89.99999
"729",2020-05-11 08:00:00,1.4399999,89.99999
"730",2020-05-11 09:00:00,1.835647,101.30993
"731",2020-05-11 10:00:00,2.16,180
"732",2020-05-11 11:00:00,7.7043357,217.40535
"733",2020-05-11 12:00:00,13.104198,232.8153
"734",2020-05-11 13:00:00,16.746773,244.53665
"735",2020-05-11 14:00:00,20.275385,253.49564
"736",2020-05-11 15:00:00,23.795427,259.5401
"737",2020-05-11 16:00:00,26.932714,261.54498
"738",2020-05-11 17:00:00,28.357857,261.97278
"739",2020-05-11 18:00:00,29.533169,260.88214
"740",2020-05-11 19:00:00,29.888672,260.99152
"741",2020-05-11 20:00:00,28.66694,262.78574
"742",2020-05-11 21:00:00,27.086262,265.4261
"743",2020-05-11 22:00:00,25.199999,270
"744",2020-05-11 23:00:00,20.674158,277.00128
"745",2020-05-12 00:00:00,14.205182,278.74615
"746",2020-05-12 01:00:00,10.105681,274.08563
"747",2020-05-12 02:00:00,8.311245,265.03027
"748",2020-05-12 03:00:00,6.830519,251.56506
"749",2020-05-12 04:00:00,5.991594,237.26477
"750",2020-05-12 05:00:00,5.3517847,222.27368
"751",2020-05-12 06:00:00,5.634891,206.56505
"752",2020-05-12 07:00:00,5.506941,191.30994
"753",2020-05-12 08:00:00,5.7599998,180
"754",2020-05-12 09:00:00,4.3349743,175.23636
"755",2020-05-12 10:00:00,4.3349743,175.23636
"756",2020-05-12 11:00:00,6.2145634,169.99202
"757",2020-05-12 12:00:00,8.28,180
"758",2020-05-12 13:00:00,9.83268,203.7495
"759",2020-05-12 14:00:00,11.988594,228.65222
"760",2020-05-12 15:00:00,14.986553,245.89777
"761",2020-05-12 16:00:00,19.211996,257.00537
"762",2020-05-12 17:00:00,23.14103,264.64417
"763",2020-05-12 18:00:00,27.72,270
"764",2020-05-12 19:00:00,30.317043,274.08563
"765",2020-05-12 20:00:00,30.453527,276.78897
"766",2020-05-12 21:00:00,27.869207,275.93152
"767",2020-05-12 22:00:00,25.919998,270
"768",2020-05-12 23:00:00,22.608458,260.83765
