"","timestamp","Ojuelos.de.Jalisco.Wind.Speed..80.m.","Ojuelos.de.Jalisco.Wind.Direction..80.m."
"1",2020-04-14 00:00:00,5.991594,302.73523
"2",2020-04-14 01:00:00,1.4399999,360
"3",2020-04-14 02:00:00,1.835647,101.30993
"4",2020-04-14 03:00:00,3.319036,139.3987
"5",2020-04-14 04:00:00,4.6938252,175.60129
"6",2020-04-14 05:00:00,5.8048253,187.12502
"7",2020-04-14 06:00:00,6.6185193,202.38013
"8",2020-04-14 07:00:00,7.10031,239.53445
"9",2020-04-14 08:00:00,7.491114,234.78241
"10",2020-04-14 09:00:00,7.9932966,234.16235
"11",2020-04-14 10:00:00,8.161764,228.57634
"12",2020-04-14 11:00:00,16.831684,228.46823
"13",2020-04-14 12:00:00,22.915916,226.27303
"14",2020-04-14 13:00:00,25.741888,227.8341
"15",2020-04-14 14:00:00,27.609911,230.29008
"16",2020-04-14 15:00:00,29.168886,234.54453
"17",2020-04-14 16:00:00,30.566095,237.99463
"18",2020-04-14 17:00:00,32.042023,242.57126
"19",2020-04-14 18:00:00,32.688713,244.56378
"20",2020-04-14 19:00:00,32.2396,246.29736
"21",2020-04-14 20:00:00,29.157776,249.77515
"22",2020-04-14 21:00:00,26.459389,255.01837
"23",2020-04-14 22:00:00,21.322214,258.31064
"24",2020-04-14 23:00:00,16.454008,259.9194
"25",2020-04-15 00:00:00,9.9571085,257.4712
"26",2020-04-15 01:00:00,5.3999996,233.1301
"27",2020-04-15 02:00:00,5.8048253,187.12502
"28",2020-04-15 03:00:00,8.28,180
"29",2020-04-15 04:00:00,10.08,180
"30",2020-04-15 05:00:00,11.159999,180
"31",2020-04-15 06:00:00,11.885453,181.7357
"32",2020-04-15 07:00:00,14.440443,184.28915
"33",2020-04-15 08:00:00,9,216.8699
"34",2020-04-15 09:00:00,6.379216,196.38954
"35",2020-04-15 10:00:00,11.298495,210.65067
"36",2020-04-15 11:00:00,19.8,233.1301
"37",2020-04-15 12:00:00,28.017622,242.44719
"38",2020-04-15 13:00:00,31.079075,244.62225
"39",2020-04-15 14:00:00,33.493546,244.53665
"40",2020-04-15 15:00:00,34.981182,246.33687
"41",2020-04-15 16:00:00,36.16701,247.77496
"42",2020-04-15 17:00:00,37.374172,249.12099
"43",2020-04-15 18:00:00,38.023907,251.22197
"44",2020-04-15 19:00:00,36.8486,255.28493
"45",2020-04-15 20:00:00,23.219301,262.875
"46",2020-04-15 21:00:00,20.519999,270
"47",2020-04-15 22:00:00,15.84,270
"48",2020-04-15 23:00:00,11.525623,268.21008
"49",2020-04-16 00:00:00,5.8603754,259.38034
"50",2020-04-16 01:00:00,2.9024127,187.12502
"51",2020-04-16 02:00:00,5.634891,153.43495
"52",2020-04-16 03:00:00,7.0911775,156.0375
"53",2020-04-16 04:00:00,8.557102,165.37912
"54",2020-04-16 05:00:00,9.779817,173.6598
"55",2020-04-16 06:00:00,10.799999,180
"56",2020-04-16 07:00:00,11.212135,185.52754
"57",2020-04-16 08:00:00,7.69592,169.2157
"58",2020-04-16 09:00:00,6.830519,161.56505
"59",2020-04-16 10:00:00,8.64,180
"60",2020-04-16 11:00:00,12.55879,207.29958
"61",2020-04-16 12:00:00,17.826363,226.63658
"62",2020-04-16 13:00:00,21.599998,233.1301
"63",2020-04-16 14:00:00,24.162947,236.54669
"64",2020-04-16 15:00:00,25.630886,240.55457
"65",2020-04-16 16:00:00,27.691935,243.76807
"66",2020-04-16 17:00:00,28.694056,246.32947
"67",2020-04-16 18:00:00,28.820242,249.52771
"68",2020-04-16 19:00:00,25.764534,254.60446
"69",2020-04-16 20:00:00,6.4799995,270
"70",2020-04-16 21:00:00,2.1897945,9.462311
"71",2020-04-16 22:00:00,2.4149535,26.565033
"72",2020-04-16 23:00:00,2.5959969,56.30993
"73",2020-04-17 00:00:00,2.8799999,89.99999
"74",2020-04-17 01:00:00,2.968636,104.03624
"75",2020-04-17 02:00:00,2.8116899,140.19443
"76",2020-04-17 03:00:00,3.6,180
"77",2020-04-17 04:00:00,4.829907,206.56505
"78",2020-04-17 05:00:00,6.1305785,220.23636
"79",2020-04-17 06:00:00,7.386582,226.97495
"80",2020-04-17 07:00:00,7.289445,237.09476
"81",2020-04-17 08:00:00,5.0911684,261.8699
"82",2020-04-17 09:00:00,5.0528407,265.91437
"83",2020-04-17 10:00:00,6.12,270
"84",2020-04-17 11:00:00,9.028754,274.5739
"85",2020-04-17 12:00:00,9.422101,263.41806
"86",2020-04-17 13:00:00,10.163227,247.0679
"87",2020-04-17 14:00:00,11.4862,237.80426
"88",2020-04-17 15:00:00,13.18308,235.00798
"89",2020-04-17 16:00:00,15.1884165,238.57043
"90",2020-04-17 17:00:00,17.555307,241.8584
"91",2020-04-17 18:00:00,19.008547,245.37643
"92",2020-04-17 19:00:00,19.523155,247.2176
"93",2020-04-17 20:00:00,17.106628,261.52887
"94",2020-04-17 21:00:00,13.324863,271.54816
"95",2020-04-17 22:00:00,12.57426,283.2405
"96",2020-04-17 23:00:00,12.245293,294.30457
"97",2020-04-18 00:00:00,9.826088,298.44293
"98",2020-04-18 01:00:00,7.5942082,301.42957
"99",2020-04-18 02:00:00,6.1305785,310.23636
"100",2020-04-18 03:00:00,6.3690495,317.29062
"101",2020-04-18 04:00:00,6.489992,326.30994
"102",2020-04-18 05:00:00,6.12,331.92752
"103",2020-04-18 06:00:00,5.815978,338.1986
"104",2020-04-18 07:00:00,6.379216,343.61047
"105",2020-04-18 08:00:00,7.42159,345.96375
"106",2020-04-18 09:00:00,6.439876,333.43497
"107",2020-04-18 10:00:00,7.072878,345.25644
"108",2020-04-18 11:00:00,6.28713,346.7595
"109",2020-04-18 12:00:00,4.072935,315
"110",2020-04-18 13:00:00,5.8603754,259.38034
"111",2020-04-18 14:00:00,9.19939,239.42078
"112",2020-04-18 15:00:00,11.792404,238.73627
"113",2020-04-18 16:00:00,13.979872,235.49149
"114",2020-04-18 17:00:00,16.179987,237.72437
"115",2020-04-18 18:00:00,19.483284,242.488
"116",2020-04-18 19:00:00,21.99538,248.89517
"117",2020-04-18 20:00:00,16.965895,252.7185
"118",2020-04-18 21:00:00,17.114204,255.37914
"119",2020-04-18 22:00:00,16.343367,262.40536
"120",2020-04-18 23:00:00,17.283749,271.19348
"121",2020-04-19 00:00:00,15.273505,278.1301
"122",2020-04-19 01:00:00,13.708391,283.67133
"123",2020-04-19 02:00:00,11.503113,290.1363
"124",2020-04-19 03:00:00,9.178235,295.55997
"125",2020-04-19 04:00:00,6.830519,288.43497
"126",2020-04-19 05:00:00,5.771239,266.42368
"127",2020-04-19 06:00:00,6.9247384,242.10274
"128",2020-04-19 07:00:00,9.885262,236.88866
"129",2020-04-19 08:00:00,13.237039,247.61987
"130",2020-04-19 09:00:00,13.854155,245.43283
"131",2020-04-19 10:00:00,20.858265,248.7495
"132",2020-04-19 11:00:00,28.079998,247.38013
"133",2020-04-19 12:00:00,31.765793,246.63089
"134",2020-04-19 13:00:00,33.56312,247.28558
"135",2020-04-19 14:00:00,33.709534,250.0169
"136",2020-04-19 15:00:00,33.441265,255.66457
"137",2020-04-19 16:00:00,32.619255,259.18613
"138",2020-04-19 17:00:00,31.667723,261.50146
"139",2020-04-19 18:00:00,30.453527,263.21103
"140",2020-04-19 19:00:00,29.660152,264.4278
"141",2020-04-19 20:00:00,26.836306,263.06564
"142",2020-04-19 21:00:00,28.71437,262.0731
"143",2020-04-19 22:00:00,31.394394,266.0548
"144",2020-04-19 23:00:00,33.497414,271.84763
"145",2020-04-20 00:00:00,30.903435,278.0357
"146",2020-04-20 01:00:00,22.963936,283.60056
"147",2020-04-20 02:00:00,13.32,288.92465
"148",2020-04-20 03:00:00,6.6185193,292.38013
"149",2020-04-20 04:00:00,3.6179552,275.7106
"150",2020-04-20 05:00:00,3.319036,257.4712
"151",2020-04-20 06:00:00,3.8939953,236.30994
"152",2020-04-20 07:00:00,4.072935,225
"153",2020-04-20 08:00:00,0.35999998,270
"154",2020-04-20 09:00:00,3.2399998,270
"155",2020-04-20 10:00:00,3.2599385,276.34018
"156",2020-04-20 11:00:00,5.04,270
"157",2020-04-20 12:00:00,7.5170207,253.30075
"158",2020-04-20 13:00:00,10.966713,246.8014
"159",2020-04-20 14:00:00,12.43434,247.89056
"160",2020-04-20 15:00:00,12.758432,253.61046
"161",2020-04-20 16:00:00,12.849528,258.69006
"162",2020-04-20 17:00:00,12.620554,266.7295
"163",2020-04-20 18:00:00,12.24,270
"164",2020-04-20 19:00:00,11.183201,273.6914
"165",2020-04-20 20:00:00,6.924738,278.97263
"166",2020-04-20 21:00:00,5.0142193,291.0375
"167",2020-04-20 22:00:00,2.5959969,303.69006
"168",2020-04-20 23:00:00,0.8049845,26.565033
"169",2020-04-21 00:00:00,1.835647,101.30993
"170",2020-04-21 01:00:00,3.319036,130.60129
"171",2020-04-21 02:00:00,4.3349743,138.36646
"172",2020-04-21 03:00:00,4.8965297,143.97263
"173",2020-04-21 04:00:00,4.5536795,161.56505
"174",2020-04-21 05:00:00,4.802999,167.00539
"175",2020-04-21 06:00:00,4.6938252,175.60129
"176",2020-04-21 07:00:00,4.32,180
"177",2020-04-21 08:00:00,3.6,180
"178",2020-04-21 09:00:00,3.319036,192.52881
"179",2020-04-21 10:00:00,2.0991426,210.96376
"180",2020-04-21 11:00:00,1.4399999,270
"181",2020-04-21 12:00:00,3.0758414,339.44397
"182",2020-04-21 13:00:00,3.6,360
"183",2020-04-21 14:00:00,3.2399998,360
"184",2020-04-21 15:00:00,2.9024127,7.125
"185",2020-04-21 16:00:00,2.5959969,33.690063
"186",2020-04-21 17:00:00,3.7064266,60.945396
"187",2020-04-21 18:00:00,5.4477882,82.40536
"188",2020-04-21 19:00:00,10.08,89.99999
"189",2020-04-21 20:00:00,16.93531,92.436646
"190",2020-04-21 21:00:00,19.559633,96.34019
"191",2020-04-21 22:00:00,15.978486,104.34933
"192",2020-04-21 23:00:00,9.904906,109.09349
"193",2020-04-20 00:00:00,29.522196,270.6987
"194",2020-04-20 01:00:00,22.366402,273.6914
"195",2020-04-20 02:00:00,14.05845,272.93567
"196",2020-04-20 03:00:00,8.350138,262.5686
"197",2020-04-20 04:00:00,6.193674,234.46233
"198",2020-04-20 05:00:00,7.145796,220.91438
"199",2020-04-20 06:00:00,7.7043357,217.40535
"201",2020-04-20 08:00:00,5.6233797,219.80557
"202",2020-04-20 09:00:00,5.3517847,222.27368
"203",2020-04-20 10:00:00,5.1919937,236.30994
"204",2020-04-20 11:00:00,9.826088,261.57303
"205",2020-04-20 12:00:00,15.03835,258.95908
"206",2020-04-20 13:00:00,16.946787,257.73523
"207",2020-04-20 14:00:00,17.462784,261.70285
"208",2020-04-20 15:00:00,18.014393,267.7094
"209",2020-04-20 16:00:00,17.673029,273.50354
"210",2020-04-20 17:00:00,17.106628,278.47116
"211",2020-04-20 18:00:00,15.893093,283.0919
"212",2020-04-20 19:00:00,14.241629,286.14435
"213",2020-04-20 20:00:00,11.966953,291.16125
"214",2020-04-20 21:00:00,8.891344,291.37064
"215",2020-04-20 22:00:00,6.28713,283.2405
"216",2020-04-20 23:00:00,3.96,270
"217",2020-04-21 00:00:00,1.8,233.1301
"218",2020-04-21 01:00:00,3.2599385,173.6598
"219",2020-04-21 02:00:00,4.68,180
"220",2020-04-21 03:00:00,4.73506,188.74615
"221",2020-04-21 04:00:00,5.00128,210.25644
"222",2020-04-21 05:00:00,5.6233797,219.80557
"223",2020-04-21 06:00:00,5.6002855,225
"225",2020-04-21 08:00:00,2.8116899,219.80557
"226",2020-04-21 09:00:00,3.0547013,225
"227",2020-04-21 10:00:00,2.3051248,231.3402
"228",2020-04-21 11:00:00,1.609969,296.56506
"229",2020-04-21 12:00:00,2.5455842,351.8699
"230",2020-04-21 13:00:00,2.4149535,26.565033
"231",2020-04-21 14:00:00,1.609969,26.565033
"232",2020-04-21 15:00:00,0.8049845,63.43495
"233",2020-04-21 16:00:00,0.71999997,89.99999
"234",2020-04-21 17:00:00,1.4399999,89.99999
"235",2020-04-21 18:00:00,3.6179552,95.71059
"236",2020-04-21 19:00:00,8.759178,99.46232
"237",2020-04-21 20:00:00,7.92,89.99999
"238",2020-04-21 21:00:00,14.618837,99.92624
"239",2020-04-21 22:00:00,15.716793,110.09523
"240",2020-04-21 23:00:00,12.55879,117.29957
"241",2020-04-22 00:00:00,9.387651,122.47119
"242",2020-04-22 01:00:00,7.8954163,133.15239
"243",2020-04-22 02:00:00,6.489992,146.30994
"244",2020-04-22 03:00:00,6.519877,173.6598
"245",2020-04-22 04:00:00,7.8625183,195.9454
"246",2020-04-22 05:00:00,9.021574,208.61046
"247",2020-04-22 06:00:00,9.726664,218.991
"248",2020-04-22 07:00:00,10.703569,227.72632
"249",2020-04-22 08:00:00,9.904906,250.90651
"250",2020-04-22 09:00:00,8.225035,246.8014
"251",2020-04-22 10:00:00,12.015589,261.38434
"252",2020-04-22 11:00:00,18.391735,273.36646
"253",2020-04-22 12:00:00,20.478907,280.1247
"254",2020-04-22 13:00:00,20.957443,274.92712
"255",2020-04-22 14:00:00,21.2522,268.05853
"256",2020-04-22 15:00:00,23.14103,264.64417
"257",2020-04-22 16:00:00,24.967499,264.2072
"258",2020-04-22 17:00:00,27.869207,264.06848
"259",2020-04-22 18:00:00,30.018473,264.4945
"260",2020-04-22 19:00:00,32.831135,266.22772
"261",2020-04-22 20:00:00,31.072817,280.008
"262",2020-04-22 21:00:00,30.096085,276.87
"263",2020-04-22 22:00:00,30.676142,274.03772
"264",2020-04-22 23:00:00,30.344814,274.76364
"265",2020-04-23 00:00:00,29.957968,274.13467
"266",2020-04-23 01:00:00,28.856194,273.57632
"267",2020-04-23 02:00:00,27.038372,273.0529
"268",2020-04-23 03:00:00,23.770906,271.73572
"269",2020-04-23 04:00:00,19.08,270
"270",2020-04-23 05:00:00,16.215992,267.4552
"271",2020-04-23 06:00:00,12.6462,265.10092
"272",2020-04-23 07:00:00,8.647496,267.61407
"273",2020-04-23 08:00:00,13.570615,291.8014
"274",2020-04-23 09:00:00,10.799999,306.8699
"275",2020-04-23 10:00:00,19.296135,323.3439
"276",2020-04-23 11:00:00,16.375053,326.6593
"277",2020-04-23 12:00:00,12.387348,324.46234
"278",2020-04-23 13:00:00,10.195057,312.1376
"279",2020-04-23 14:00:00,10.163227,292.9321
"280",2020-04-23 15:00:00,11.440978,282.72437
"281",2020-04-23 16:00:00,12.429127,280.008
"282",2020-04-23 17:00:00,13.202726,281.00354
"283",2020-04-23 18:00:00,13.493999,279.21103
"284",2020-04-23 19:00:00,12.849528,281.30994
"285",2020-04-23 20:00:00,11.542478,356.42368
"286",2020-04-23 21:00:00,10.464797,26.565033
"287",2020-04-23 22:00:00,9.585739,55.71312
"288",2020-04-23 23:00:00,11.183201,86.30861
"289",2020-04-24 00:00:00,12.57426,103.24051
"290",2020-04-24 01:00:00,12.641076,109.9831
"291",2020-04-24 02:00:00,10.495713,112.16634
"292",2020-04-24 03:00:00,8.39657,120.96376
"293",2020-04-24 04:00:00,7.42159,140.90614
"294",2020-04-24 05:00:00,7.24486,153.43495
"295",2020-04-24 06:00:00,7.8625183,164.0546
"296",2020-04-24 07:00:00,7.9932976,172.23483
"297",2020-04-24 08:00:00,5.3517847,160.34618
"298",2020-04-24 09:00:00,4.0249224,169.69516
"299",2020-04-24 10:00:00,5.1544156,192.09476
"300",2020-04-24 11:00:00,5.8048253,209.74489
"301",2020-04-24 12:00:00,5.904439,232.43141
"302",2020-04-24 13:00:00,9.028754,246.50143
"303",2020-04-24 14:00:00,13.37825,246.19406
"304",2020-04-24 15:00:00,15.937878,251.56506
"305",2020-04-24 16:00:00,17.208603,254.21925
"306",2020-04-24 17:00:00,18.782204,257.82855
"307",2020-04-24 18:00:00,19.770523,259.50854
"308",2020-04-24 19:00:00,19.70815,260.5377
"309",2020-04-24 20:00:00,9.178235,281.30994
"310",2020-04-24 21:00:00,4.6938257,302.4712
"311",2020-04-24 22:00:00,2.9024127,60.25511
"312",2020-04-24 23:00:00,6.87779,83.99099
"313",2020-04-25 00:00:00,8.64,89.99999
"314",2020-04-25 01:00:00,8.311245,94.96974
"315",2020-04-25 02:00:00,7.771331,103.392494
"316",2020-04-25 03:00:00,7.754637,111.80141
"317",2020-04-25 04:00:00,7.4128532,119.054596
"318",2020-04-25 05:00:00,7.491114,125.21759
"319",2020-04-25 06:00:00,7.42159,129.09386
"320",2020-04-25 07:00:00,7.127636,135
"321",2020-04-25 08:00:00,7.754637,158.1986
"322",2020-04-25 09:00:00,5.04,180
"323",2020-04-25 10:00:00,6.0347,197.35403
"324",2020-04-25 11:00:00,7.729527,207.75854
"325",2020-04-25 12:00:00,7.6367526,225
"326",2020-04-25 13:00:00,7.42159,230.90614
"327",2020-04-25 14:00:00,7.145796,220.91438
"328",2020-04-25 15:00:00,7.10031,210.46555
"329",2020-04-25 16:00:00,8.217153,208.81079
"330",2020-04-25 17:00:00,7.729527,207.75854
"331",2020-04-25 18:00:00,6.725354,195.52411
"332",2020-04-25 19:00:00,9.021574,118.61046
"333",2020-04-25 20:00:00,6.87779,83.99099
"334",2020-04-25 21:00:00,24.881702,86.68222
"335",2020-04-25 22:00:00,33.481937,89.38394
"336",2020-04-25 23:00:00,37.45557,91.6523
"337",2020-04-26 00:00:00,26.6327,99.335
"338",2020-04-26 01:00:00,12.964998,91.59113
"339",2020-04-26 02:00:00,11.177405,75.06858
"340",2020-04-26 03:00:00,13.0447235,62.020523
"341",2020-04-26 04:00:00,12.594856,59.036255
"342",2020-04-26 05:00:00,12.245293,65.69545
"343",2020-04-26 06:00:00,9.028754,66.501434
"344",2020-04-26 07:00:00,7.968939,71.56504
"345",2020-04-26 08:00:00,10.182337,98.1301
"346",2020-04-26 09:00:00,10.446206,91.97493
"347",2020-04-26 10:00:00,10.08,89.99999
"348",2020-04-26 11:00:00,10.08,89.99999
"349",2020-04-26 12:00:00,10.440001,89.99999
"350",2020-04-26 13:00:00,12.620554,86.72951
"351",2020-04-26 14:00:00,16.299694,83.65981
"352",2020-04-26 15:00:00,22.608458,80.83765
"353",2020-04-26 16:00:00,25.922499,80.40687
"354",2020-04-26 17:00:00,26.882141,82.303955
"355",2020-04-26 18:00:00,27.419146,86.23596
"356",2020-04-26 19:00:00,30.960001,89.99999
"357",2020-04-26 20:00:00,31.093666,84.68545
"358",2020-04-26 21:00:00,30.703587,85.292145
"359",2020-04-26 22:00:00,21.96,79.61114
"360",2020-04-26 23:00:00,18.25026,67.98871
"361",2020-04-27 00:00:00,18.345877,74.054596
"362",2020-04-27 01:00:00,15.629972,82.056526
"363",2020-04-27 02:00:00,11.159999,89.99999
"364",2020-04-27 03:00:00,8.64,89.99999
"365",2020-04-27 04:00:00,7.92,89.99999
"366",2020-04-27 05:00:00,6.849467,86.98721
"367",2020-04-27 06:00:00,5.7599998,89.99999
"368",2020-04-27 07:00:00,5.0528407,94.08562
"369",2020-04-27 08:00:00,4.379589,99.46232
"370",2020-04-27 09:00:00,4.6938257,122.47119
"371",2020-04-27 10:00:00,3.8268526,138.81407
"372",2020-04-27 11:00:00,3.319036,192.52881
"373",2020-04-27 12:00:00,4.2136917,250.0169
"374",2020-04-27 13:00:00,4.3498964,294.44397
"375",2020-04-27 14:00:00,6.3690495,317.29062
"376",2020-04-27 15:00:00,4.510787,331.38956
"377",2020-04-27 16:00:00,4.73506,351.25385
"378",2020-04-27 17:00:00,4.5536795,18.434952
"379",2020-04-27 18:00:00,6.8777895,47.121094
"380",2020-04-27 19:00:00,17.114204,75.37913
"381",2020-04-27 20:00:00,29.539747,87.90474
"382",2020-04-27 21:00:00,33.933697,94.25884
"383",2020-04-27 22:00:00,24.503809,100.15427
"384",2020-04-27 23:00:00,13.009903,104.42077
"385",2020-04-26 00:00:00,23.532547,119.310005
"386",2020-04-26 01:00:00,9.007196,92.2906
"387",2020-04-26 02:00:00,8.714677,51.70984
"388",2020-04-26 03:00:00,8.287822,55.61966
"389",2020-04-26 04:00:00,7.9036193,59.93141
"390",2020-04-26 05:00:00,7.729527,62.241455
"391",2020-04-26 06:00:00,7.4128532,60.945396
"393",2020-04-26 08:00:00,6.9899354,78.11134
"394",2020-04-26 09:00:00,10.239453,79.87532
"395",2020-04-26 10:00:00,13.493999,80.78897
"396",2020-04-26 11:00:00,14.77755,87.20729
"397",2020-04-26 12:00:00,16.595179,93.73139
"398",2020-04-26 13:00:00,15.905319,95.19443
"399",2020-04-26 14:00:00,14.4,89.99999
"400",2020-04-26 15:00:00,16.039202,80.96051
"401",2020-04-26 16:00:00,18.079027,77.34744
"402",2020-04-26 17:00:00,22.314192,79.77783
"403",2020-04-26 18:00:00,24.967499,84.2072
"404",2020-04-26 19:00:00,29.914679,87.24089
"417",2020-04-27 08:00:00,5.7599998,89.99999
"418",2020-04-27 09:00:00,5.1544156,77.905235
"419",2020-04-27 10:00:00,3.2399998,89.99999
"420",2020-04-27 11:00:00,0.8049845,153.43495
"421",2020-04-27 12:00:00,0.35999998,180
"422",2020-04-27 13:00:00,1.835647,11.309921
"423",2020-04-27 14:00:00,3.2399998,360
"424",2020-04-27 15:00:00,3.4152596,18.434952
"425",2020-04-27 16:00:00,2.9024127,29.744873
"426",2020-04-27 17:00:00,4.8433046,48.01277
"427",2020-04-27 18:00:00,9.449572,72.255325
"428",2020-04-27 19:00:00,20.570463,85.98582
"429",2020-04-27 20:00:00,15.517629,93.990906
"430",2020-04-27 21:00:00,17.208603,105.78075
"431",2020-04-27 22:00:00,18.089775,121.159294
"432",2020-04-27 23:00:00,19.64228,131.28471
"433",2020-04-28 00:00:00,16.548256,135.88141
"434",2020-04-28 01:00:00,12.7279215,135
"435",2020-04-28 02:00:00,10.948973,136.33221
"436",2020-04-28 03:00:00,10.296251,143.53076
"437",2020-04-28 04:00:00,9.605998,167.00539
"438",2020-04-28 05:00:00,10.308831,192.09476
"439",2020-04-28 06:00:00,11.609651,209.74489
"440",2020-04-28 07:00:00,12.819235,218.15723
"441",2020-04-28 08:00:00,8.557102,247.75098
"442",2020-04-28 09:00:00,5.815978,248.1986
"443",2020-04-28 10:00:00,9.605998,257.00537
"444",2020-04-28 11:00:00,14.440443,274.28915
"445",2020-04-28 12:00:00,16.179985,290.85446
"446",2020-04-28 13:00:00,14.986553,294.10223
"447",2020-04-28 14:00:00,13.049689,294.44397
"448",2020-04-28 15:00:00,12.641076,289.98312
"449",2020-04-28 16:00:00,13.207634,287.4472
"450",2020-04-28 17:00:00,14.587776,285.7512
"451",2020-04-28 18:00:00,14.934577,285.37625
"452",2020-04-28 19:00:00,15.725037,285.9454
"453",2020-04-28 20:00:00,16.766108,284.93143
"454",2020-04-28 21:00:00,18.25026,284.8586
"455",2020-04-28 22:00:00,20.275385,286.50436
"456",2020-04-28 23:00:00,21.933426,293.1986
"457",2020-04-29 00:00:00,18.775303,302.4712
"458",2020-04-29 01:00:00,12.7279215,315
"459",2020-04-29 02:00:00,8.534353,332.35403
"460",2020-04-29 03:00:00,6.12,360
"461",2020-04-29 04:00:00,3.7064266,29.05458
"462",2020-04-29 05:00:00,1.8,89.99999
"463",2020-04-29 06:00:00,1.9386592,158.1986
"464",2020-04-29 07:00:00,4.68,180
"465",2020-04-29 08:00:00,3.0758414,110.556046
"466",2020-04-29 09:00:00,1.8,143.1301
"467",2020-04-29 10:00:00,1.2979984,213.69006
"468",2020-04-29 11:00:00,3.396233,302.00537
"469",2020-04-29 12:00:00,6.519877,353.65985
"470",2020-04-29 13:00:00,12.397806,25.820984
"471",2020-04-29 14:00:00,12.599998,36.86989
"472",2020-04-29 15:00:00,14.021525,41.877853
"473",2020-04-29 16:00:00,15.03835,47.910828
"474",2020-04-29 17:00:00,17.786331,54.05787
"475",2020-04-29 18:00:00,20.497883,59.381393
"476",2020-04-29 19:00:00,25.6233,65.95577
"477",2020-04-29 20:00:00,21.566975,75.499825
"478",2020-04-29 21:00:00,20.418695,80.86982
"479",2020-04-29 22:00:00,23.770906,88.26429
"480",2020-04-29 23:00:00,32.112724,93.8568
"481",2020-04-30 00:00:00,36.65995,97.33437
"482",2020-04-30 01:00:00,39.4163,99.46232
"483",2020-04-30 02:00:00,40.94832,96.5627
"484",2020-04-30 03:00:00,41.0968,93.01279
"485",2020-04-30 04:00:00,35.64727,91.157326
"486",2020-04-30 05:00:00,23.762726,89.13194
"487",2020-04-30 06:00:00,17.377226,76.827446
"488",2020-04-30 07:00:00,16.981165,68.875275
"489",2020-04-30 08:00:00,7.42159,104.03624
"490",2020-04-30 09:00:00,10.08,89.99999
"491",2020-04-30 10:00:00,12.371645,81.63411
"492",2020-04-30 11:00:00,15.546833,84.68545
"493",2020-04-30 12:00:00,18.057508,85.42608
"494",2020-04-30 13:00:00,19.852295,85.84035
"495",2020-04-30 14:00:00,20.598795,84.986885
"496",2020-04-30 15:00:00,21.188072,80.21759
"497",2020-04-30 16:00:00,20.523157,74.74488
"498",2020-04-30 17:00:00,22.127556,68.02549
"499",2020-04-30 18:00:00,25.0064,67.12633
"500",2020-04-30 19:00:00,27.66384,71.800835
"501",2020-04-30 20:00:00,24.482647,89.15747
"502",2020-04-30 21:00:00,21.24,89.99999
"503",2020-04-30 22:00:00,18.161278,103.76078
"504",2020-04-30 23:00:00,13.1041975,105.9454
"505",2020-05-01 00:00:00,9.114471,99.09027
"506",2020-05-01 01:00:00,7.92,89.99999
"507",2020-05-01 02:00:00,7.42159,75.96376
"508",2020-05-01 03:00:00,7.24486,63.43495
"509",2020-05-01 04:00:00,5.3517847,47.726303
"510",2020-05-01 05:00:00,4.3349743,41.63353
"511",2020-05-01 06:00:00,4.072935,44.999985
"512",2020-05-01 07:00:00,3.096837,35.53766
"513",2020-05-01 08:00:00,1.8,53.130096
"514",2020-05-01 09:00:00,1.08,89.99999
"515",2020-05-01 10:00:00,2.0991426,30.963745
"516",2020-05-01 11:00:00,4.896529,17.102722
"517",2020-05-01 12:00:00,8.225035,23.198593
"518",2020-05-01 13:00:00,11.592894,36.158173
"519",2020-05-01 14:00:00,12.738099,42.70938
"520",2020-05-01 15:00:00,13.830749,51.34018
"521",2020-05-01 16:00:00,13.479583,55.885513
"522",2020-05-01 17:00:00,14.512064,60.25511
"523",2020-05-01 18:00:00,15.646544,66.9745
"524",2020-05-01 19:00:00,18.692286,74.35776
"525",2020-05-01 20:00:00,19.9954,76.46414
"526",2020-05-01 21:00:00,23.803596,93.46823
"527",2020-05-01 22:00:00,25.323128,104.82648
"528",2020-05-01 23:00:00,17.193533,109.57312
"529",2020-05-02 00:00:00,11.013882,101.30993
"530",2020-05-02 01:00:00,9.3669195,87.7974
"531",2020-05-02 02:00:00,9,73.73979
"532",2020-05-02 03:00:00,6.9247384,62.102737
"533",2020-05-02 04:00:00,5.315336,61.699234
"534",2020-05-02 05:00:00,3.671294,78.69006
"535",2020-05-02 06:00:00,1.835647,101.30993
"536",2020-05-02 07:00:00,1.08,180
"537",2020-05-02 08:00:00,5.04,180
"538",2020-05-02 09:00:00,3.6,180
"539",2020-05-02 10:00:00,5.1165614,219.28941
"540",2020-05-02 11:00:00,5.4833565,246.8014
"541",2020-05-02 12:00:00,4.6102495,308.65982
"542",2020-05-02 13:00:00,7.5942073,5.440323
"543",2020-05-02 14:00:00,10.028439,21.037506
"544",2020-05-02 15:00:00,11.885453,35.134186
"545",2020-05-02 16:00:00,12.218805,44.999985
"546",2020-05-02 17:00:00,12.599998,53.130096
"547",2020-05-02 18:00:00,12.904882,59.858604
"548",2020-05-02 19:00:00,15.596767,71.14684
"549",2020-05-02 20:00:00,20.674158,82.998726
"550",2020-05-02 21:00:00,27.086262,94.57392
"551",2020-05-02 22:00:00,27.820337,100.43748
"552",2020-05-02 23:00:00,17.026896,103.44861
"553",2020-05-03 00:00:00,12.682018,96.5198
"554",2020-05-03 01:00:00,12.24,89.99999
"555",2020-05-03 02:00:00,12.015589,81.38435
"556",2020-05-03 03:00:00,10.661107,78.31063
"557",2020-05-03 04:00:00,8.049845,79.695145
"558",2020-05-03 05:00:00,6.489992,86.82017
"559",2020-05-03 06:00:00,4.3349743,94.76365
"560",2020-05-03 07:00:00,2.5959969,123.69006
"561",2020-05-03 08:00:00,2.9024127,187.12502
"562",2020-05-03 09:00:00,2.8116899,219.80557
"563",2020-05-03 10:00:00,4.6102495,231.3402
"564",2020-05-03 11:00:00,5.2416787,254.0546
"565",2020-05-03 12:00:00,4.39436,304.99203
"566",2020-05-03 13:00:00,9.0645685,6.8427734
"567",2020-05-03 14:00:00,11.726277,17.878693
"568",2020-05-03 15:00:00,10.948973,27.407562
"569",2020-05-03 16:00:00,10.495713,30.963745
"570",2020-05-03 17:00:00,10.97262,41.009094
"571",2020-05-03 18:00:00,10.703569,47.726303
"572",2020-05-03 19:00:00,13.217443,60.64225
"573",2020-05-03 20:00:00,16.965895,72.7185
"574",2020-05-03 21:00:00,20.240196,84.897835
"575",2020-05-03 22:00:00,23.042812,90.89517
"576",2020-05-03 23:00:00,18.089775,95.71059
"577",2020-05-05 00:00:00,4.452954,75.96376
"578",2020-05-05 01:00:00,2.9024127,60.25511
"579",2020-05-05 02:00:00,2.6208394,15.945404
"580",2020-05-05 03:00:00,4.32,360
"581",2020-05-05 04:00:00,5.771239,356.42368
"582",2020-05-05 05:00:00,6.519877,353.65985
"583",2020-05-05 06:00:00,6.849467,356.98724
"584",2020-05-05 07:00:00,3.8939953,123.69006
"585",2020-05-05 08:00:00,7.072878,165.25644
"586",2020-05-05 09:00:00,6.130579,176.63354
"587",2020-05-05 10:00:00,2.8116899,230.19443
"588",2020-05-05 11:00:00,3.6,306.8699
"589",2020-05-05 12:00:00,3.7064266,330.94543
"590",2020-05-05 13:00:00,3.6179552,5.7105865
"591",2020-05-05 14:00:00,5.692099,34.69516
"592",2020-05-05 15:00:00,8.209263,37.87497
"593",2020-05-05 16:00:00,11.212135,47.602554
"594",2020-05-05 17:00:00,13.779114,70.14478
"595",2020-05-05 18:00:00,16.919998,89.99999
"596",2020-05-05 19:00:00,17.533146,109.17901
"597",2020-05-05 20:00:00,27.595825,74.87599
"598",2020-05-05 21:00:00,28.766228,98.63713
"599",2020-05-05 22:00:00,29.275326,106.4293
"600",2020-05-05 23:00:00,27.14123,111.80141
"601",2020-05-06 00:00:00,24.20314,112.75097
"602",2020-05-06 01:00:00,20.60823,109.384514
"603",2020-05-06 02:00:00,18.64369,100.00798
"604",2020-05-06 03:00:00,21.841648,81.46923
"605",2020-05-06 04:00:00,14.830076,84.4278
"606",2020-05-06 05:00:00,10.948973,80.537674
"607",2020-05-06 06:00:00,11.503113,69.86369
"608",2020-05-06 07:00:00,13.70839,60.06849
"609",2020-05-06 08:00:00,2.9024127,82.874985
"610",2020-05-06 09:00:00,6.4799995,89.99999
"611",2020-05-06 10:00:00,13.138765,80.537674
"612",2020-05-06 11:00:00,19.734436,75.20324
"613",2020-05-06 12:00:00,24.033876,73.46516
"614",2020-05-06 13:00:00,28.241077,72.950966
"615",2020-05-06 14:00:00,30.068083,73.30075
"616",2020-05-06 15:00:00,31.956972,75.650665
"617",2020-05-06 16:00:00,31.559088,78.81824
"618",2020-05-06 17:00:00,31.259945,82.056526
"619",2020-05-06 18:00:00,31.421213,85.3999
"620",2020-05-06 19:00:00,32.138947,85.502846
"621",2020-05-06 20:00:00,30.619051,87.97864
"622",2020-05-06 21:00:00,33.481937,89.38394
"623",2020-05-06 22:00:00,33.847656,91.218864
"624",2020-05-06 23:00:00,30.96837,91.332214
"625",2020-05-07 00:00:00,23.42491,87.35745
"626",2020-05-07 01:00:00,19.13426,78.055824
"627",2020-05-07 02:00:00,17.992796,70.11483
"628",2020-05-07 03:00:00,17.22742,63.970406
"629",2020-05-07 04:00:00,15.2947035,63.43495
"630",2020-05-07 05:00:00,13.049689,65.55604
"631",2020-05-07 06:00:00,11.503113,69.86369
"632",2020-05-07 07:00:00,11.525623,75.52971
"633",2020-05-07 08:00:00,6.792466,57.994614
"634",2020-05-07 09:00:00,9.659814,63.43495
"635",2020-05-07 10:00:00,11.298495,67.52056
"636",2020-05-07 11:00:00,14.494192,75.61861
"637",2020-05-07 12:00:00,16.75064,81.34746
"638",2020-05-07 13:00:00,17.163355,80.3401
"639",2020-05-07 14:00:00,17.163355,80.3401
"640",2020-05-07 15:00:00,17.339897,85.23635
"641",2020-05-07 16:00:00,16.56,89.99999
"642",2020-05-07 17:00:00,17.015474,96.07246
"643",2020-05-07 18:00:00,16.09969,100.30484
"644",2020-05-07 19:00:00,15.281989,105.01836
"645",2020-05-07 20:00:00,20.364674,98.1301
"646",2020-05-07 21:00:00,20.966715,105.9454
"647",2020-05-07 22:00:00,18.720001,112.61986
"648",2020-05-07 23:00:00,16.375053,123.340706
"649",2020-05-08 00:00:00,11.212135,132.39743
"650",2020-05-08 01:00:00,8.161764,131.42366
"651",2020-05-08 02:00:00,6.8777895,132.8789
"652",2020-05-08 03:00:00,5.3517847,137.72632
"653",2020-05-08 04:00:00,5.634891,153.43495
"654",2020-05-08 05:00:00,6.162207,173.29016
"655",2020-05-08 06:00:00,6.4799995,180
"656",2020-05-08 07:00:00,7.172949,197.52557
"657",2020-05-08 08:00:00,11.923557,241.11342
"658",2020-05-08 09:00:00,17.208603,254.21925
"659",2020-05-08 10:00:00,22.33161,268.1524
"660",2020-05-08 11:00:00,23.587555,285.9454
"661",2020-05-08 12:00:00,19.67195,304.56253
"662",2020-05-08 13:00:00,17.377226,320.04248
"663",2020-05-08 14:00:00,14.8257065,330.94543
"664",2020-05-08 15:00:00,14.578888,339.77515
"665",2020-05-08 16:00:00,14.494192,345.61862
"666",2020-05-08 17:00:00,15.815435,348.17853
"667",2020-05-08 18:00:00,14.917212,351.67438
"668",2020-05-08 19:00:00,11.609651,352.875
"669",2020-05-08 20:00:00,2.52,89.99999
"670",2020-05-08 21:00:00,4.6938257,302.4712
"671",2020-05-08 22:00:00,6.4096174,321.84277
"672",2020-05-08 23:00:00,6.9247384,332.10272
"673",2020-05-09 00:00:00,7.289444,339.77515
"674",2020-05-09 01:00:00,7.69592,349.2157
"675",2020-05-09 02:00:00,8.311245,4.9697266
"676",2020-05-09 03:00:00,7.8625183,15.945404
"677",2020-05-09 04:00:00,7.491114,35.217575
"678",2020-05-09 05:00:00,9.449572,49.635452
"679",2020-05-09 06:00:00,12.24,61.927513
"680",2020-05-09 07:00:00,13.661038,71.56504
"681",2020-05-09 08:00:00,5.8603754,42.510437
"682",2020-05-09 09:00:00,5.8048253,60.25511
"683",2020-05-09 10:00:00,7.5942073,95.44032
"684",2020-05-09 11:00:00,13.276144,102.52881
"685",2020-05-09 12:00:00,9.504273,114.623566
"686",2020-05-09 13:00:00,6.6087217,119.35774
"687",2020-05-09 14:00:00,2.968636,104.03624
"688",2020-05-09 15:00:00,1.1384199,18.434952
"689",2020-05-09 16:00:00,1.835647,11.309921
"690",2020-05-09 17:00:00,2.4149535,26.565033
"691",2020-05-09 18:00:00,4.6102495,51.34018
"692",2020-05-09 19:00:00,11.384199,71.56504
"693",2020-05-09 20:00:00,15.379206,339.44397
"694",2020-05-09 21:00:00,13.779114,19.85521
"695",2020-05-09 22:00:00,19.483284,62.48799
"696",2020-05-09 23:00:00,24.923338,79.17698
"697",2020-05-10 00:00:00,18.359999,89.99999
"698",2020-05-10 01:00:00,12.964998,91.59113
"699",2020-05-10 02:00:00,10.805999,88.09084
"700",2020-05-10 03:00:00,11.542478,86.42367
"701",2020-05-10 04:00:00,11.659777,81.11935
"702",2020-05-10 05:00:00,11.013882,78.69006
"703",2020-05-10 06:00:00,7.289444,69.77513
"704",2020-05-10 07:00:00,6.151683,69.443954
"705",2020-05-10 08:00:00,4.510787,118.61046
"706",2020-05-10 09:00:00,3.7585104,106.69924
"707",2020-05-10 10:00:00,3.319036,102.52881
"708",2020-05-10 11:00:00,2.16,89.99999
"709",2020-05-10 12:00:00,2.5455842,44.999985
"710",2020-05-10 13:00:00,4.829907,26.565033
"711",2020-05-10 14:00:00,6.6087217,29.357742
"712",2020-05-10 15:00:00,8.4963045,53.61563
"713",2020-05-10 16:00:00,10.703569,70.346176
"714",2020-05-10 17:00:00,14.934577,74.62374
"715",2020-05-10 18:00:00,19.48661,78.27489
"716",2020-05-10 19:00:00,29.301878,84.35944
"717",2020-05-10 20:00:00,32.47192,86.18592
"718",2020-05-10 21:00:00,35.010807,94.12759
"719",2020-05-10 22:00:00,34.62369,98.97262
"720",2020-05-10 23:00:00,32.491867,99.56668
"721",2020-05-11 00:00:00,22.862125,97.236916
"722",2020-05-11 01:00:00,15.484185,88.66778
"723",2020-05-11 02:00:00,11.27553,73.30075
"724",2020-05-11 03:00:00,10.829958,68.55225
"725",2020-05-11 04:00:00,10.483357,74.054596
"726",2020-05-11 05:00:00,8.905908,75.96376
"727",2020-05-11 06:00:00,7.2805495,81.46923
"728",2020-05-11 07:00:00,6.849467,86.98721
"729",2020-05-11 08:00:00,7.42159,129.09386
"730",2020-05-11 09:00:00,7.42159,129.09386
"731",2020-05-11 10:00:00,6.1305785,139.76364
"732",2020-05-11 11:00:00,5.315336,151.69923
"733",2020-05-11 12:00:00,4.68,180
"734",2020-05-11 13:00:00,4.2136917,199.98311
"735",2020-05-11 14:00:00,4.3349743,228.36647
"736",2020-05-11 15:00:00,3.8268526,228.81409
"737",2020-05-11 16:00:00,3.5455887,203.9625
"738",2020-05-11 17:00:00,3.0758414,159.44395
"739",2020-05-11 18:00:00,6.6185193,112.380135
"740",2020-05-11 19:00:00,14.764389,91.39717
"741",2020-05-11 20:00:00,21.2522,91.94148
"742",2020-05-11 21:00:00,21.9718,91.87788
"743",2020-05-11 22:00:00,15.4800005,89.99999
"744",2020-05-11 23:00:00,12.599999,89.99999
"745",2020-05-12 00:00:00,9.36,89.99999
"746",2020-05-12 01:00:00,9.007196,92.2906
"747",2020-05-12 02:00:00,7.9932976,97.76516
"748",2020-05-12 03:00:00,7.5170207,106.69924
"749",2020-05-12 04:00:00,7.0911775,113.96249
"750",2020-05-12 05:00:00,6.792466,122.00538
"751",2020-05-12 06:00:00,7.127636,135
"752",2020-05-12 07:00:00,6.989936,145.49147
"753",2020-05-12 08:00:00,6.6087217,150.64224
"754",2020-05-12 09:00:00,6.2145634,169.99202
"755",2020-05-12 10:00:00,6.6185193,202.38013
"756",2020-05-12 11:00:00,8.891343,238.24052
"757",2020-05-12 12:00:00,11.631956,248.1986
"758",2020-05-12 13:00:00,14.494192,255.61862
"759",2020-05-12 14:00:00,15.226764,263.21103
"760",2020-05-12 15:00:00,15.84409,271.30197
"761",2020-05-12 16:00:00,16.09969,280.30487
"762",2020-05-12 17:00:00,17.208603,285.78076
"763",2020-05-12 18:00:00,18,286.2602
"764",2020-05-12 19:00:00,16.171976,286.8214
"765",2020-05-12 20:00:00,11.440979,294.14554
"766",2020-05-12 21:00:00,4.8965297,306.02737
"767",2020-05-12 22:00:00,1.08,270
"768",2020-05-12 23:00:00,1.609969,206.56505
