"","timestamp","San.Ignacio.Wind.Speed..80.m.","San.Ignacio.Wind.Direction..80.m."
"1",2020-04-14 00:00:00,11.525623,268.21008
"2",2020-04-14 01:00:00,10.446206,268.0251
"3",2020-04-14 02:00:00,10.805999,271.90915
"4",2020-04-14 03:00:00,9.885262,280.4915
"5",2020-04-14 04:00:00,10.483357,285.9454
"6",2020-04-14 05:00:00,10.24578,288.43494
"7",2020-04-14 06:00:00,10.315115,299.24884
"8",2020-04-14 07:00:00,9.387651,302.4712
"9",2020-04-14 08:00:00,8.587338,303.02386
"10",2020-04-14 09:00:00,7.7879906,303.69006
"11",2020-04-14 10:00:00,7.7043357,307.40536
"12",2020-04-14 11:00:00,6.8777895,312.8789
"13",2020-04-14 12:00:00,5.904439,307.5686
"14",2020-04-14 13:00:00,5.692099,304.69516
"15",2020-04-14 14:00:00,6.439876,296.56506
"16",2020-04-14 15:00:00,7.968939,288.43497
"17",2020-04-14 16:00:00,10.028439,291.0375
"18",2020-04-14 17:00:00,12.245293,294.30457
"19",2020-04-14 18:00:00,14.336861,298.49567
"20",2020-04-14 19:00:00,16.87398,303.69006
"21",2020-04-14 20:00:00,12.783802,302.34747
"22",2020-04-14 21:00:00,10.630672,298.30078
"23",2020-04-14 22:00:00,9.83268,293.7495
"24",2020-04-14 23:00:00,8.089993,290.85446
"25",2020-04-15 00:00:00,8.089993,290.85446
"26",2020-04-15 01:00:00,8.225035,293.1986
"27",2020-04-15 02:00:00,8.707237,299.74487
"28",2020-04-15 03:00:00,8.287822,304.38034
"29",2020-04-15 04:00:00,8.161764,311.42368
"30",2020-04-15 05:00:00,7.8954163,316.8476
"31",2020-04-15 06:00:00,6.638072,310.60132
"32",2020-04-15 07:00:00,10.041354,345.46555
"33",2020-04-15 08:00:00,7.9932976,352.23483
"34",2020-04-15 09:00:00,5.0528407,355.91437
"35",2020-04-15 10:00:00,6.28713,13.240509
"36",2020-04-15 11:00:00,9.726664,38.990982
"37",2020-04-15 12:00:00,14.565548,50.013107
"38",2020-04-15 13:00:00,14.57889,57.094757
"39",2020-04-15 14:00:00,10.685391,57.380745
"40",2020-04-15 15:00:00,6.1305785,49.76364
"41",2020-04-15 16:00:00,3.4152596,18.434952
"42",2020-04-15 17:00:00,3.7064266,330.94543
"43",2020-04-15 18:00:00,5.3517847,312.27368
"44",2020-04-15 19:00:00,12.096214,306.52887
"45",2020-04-15 20:00:00,9.1641035,315
"46",2020-04-15 21:00:00,6.1305785,310.23636
"47",2020-04-15 22:00:00,5.3517847,312.27368
"48",2020-04-15 23:00:00,4.829907,296.56506
"49",2020-04-16 00:00:00,4.802999,282.99463
"50",2020-04-16 01:00:00,4.6938252,274.3987
"51",2020-04-16 02:00:00,4.379589,279.46234
"52",2020-04-16 03:00:00,3.671294,281.30994
"53",2020-04-16 04:00:00,3.0758414,290.55603
"54",2020-04-16 05:00:00,2.9024127,299.74487
"55",2020-04-16 06:00:00,2.8116899,320.19443
"56",2020-04-16 07:00:00,5.5887027,284.93143
"57",2020-04-16 08:00:00,4.68,270
"58",2020-04-16 09:00:00,4.6938252,265.6013
"59",2020-04-16 10:00:00,5.1544156,257.90524
"60",2020-04-16 11:00:00,6.28713,256.7595
"61",2020-04-16 12:00:00,7.754637,248.1986
"62",2020-04-16 13:00:00,11.435313,241.82141
"63",2020-04-16 14:00:00,16.1198,240.57254
"64",2020-04-16 15:00:00,20.140705,241.14435
"65",2020-04-16 16:00:00,24.472057,243.81189
"66",2020-04-16 17:00:00,27.086262,246.50143
"67",2020-04-16 18:00:00,29.374763,250.67682
"68",2020-04-16 19:00:00,20.140705,245.72556
"69",2020-04-16 20:00:00,22.702845,255.30269
"70",2020-04-16 21:00:00,20.774214,261.02737
"71",2020-04-16 22:00:00,14.05845,256.67548
"72",2020-04-16 23:00:00,11.841756,250.46335
"73",2020-04-17 00:00:00,11.113451,245.09525
"74",2020-04-17 01:00:00,9.585739,235.71313
"75",2020-04-17 02:00:00,9.449572,229.63547
"76",2020-04-17 03:00:00,8.669949,228.36647
"77",2020-04-17 04:00:00,8.78872,235.00798
"78",2020-04-17 05:00:00,8.089993,249.14554
"79",2020-04-17 06:00:00,7.42159,255.96376
"80",2020-04-17 07:00:00,3.6,233.1301
"81",2020-04-17 08:00:00,6.28713,246.37064
"82",2020-04-17 09:00:00,5.3517847,250.34618
"83",2020-04-17 10:00:00,7.0911775,246.0375
"84",2020-04-17 11:00:00,9.085988,236.30994
"85",2020-04-17 12:00:00,13.397612,239.30028
"86",2020-04-17 13:00:00,19.881649,238.32454
"87",2020-04-17 14:00:00,24.514387,240.0464
"88",2020-04-17 15:00:00,28.185955,241.79837
"89",2020-04-17 16:00:00,31.404713,244.90375
"90",2020-04-17 17:00:00,33.29173,248.4287
"91",2020-04-17 18:00:00,34.152596,251.56506
"92",2020-04-17 19:00:00,26.6327,260.665
"93",2020-04-17 20:00:00,24.490587,268.3153
"94",2020-04-17 21:00:00,16.575644,272.48956
"95",2020-04-17 22:00:00,12.959999,270
"96",2020-04-17 23:00:00,11.159999,270
"97",2020-04-18 00:00:00,10.799999,270
"98",2020-04-18 01:00:00,10.446206,271.9749
"99",2020-04-18 02:00:00,10.853866,275.7106
"100",2020-04-18 03:00:00,10.390226,284.03625
"101",2020-04-18 04:00:00,10.931203,287.24146
"102",2020-04-18 05:00:00,10.829958,291.44775
"103",2020-04-18 06:00:00,10.636766,293.9625
"104",2020-04-18 07:00:00,11.503113,290.1363
"105",2020-04-18 08:00:00,9,286.2602
"106",2020-04-18 09:00:00,8.766573,289.17902
"107",2020-04-18 10:00:00,10.308831,282.09476
"108",2020-04-18 11:00:00,11.304229,279.16235
"109",2020-04-18 12:00:00,14.973576,279.68878
"110",2020-04-18 13:00:00,17.935081,280.4077
"111",2020-04-18 14:00:00,21.322214,281.68936
"112",2020-04-18 15:00:00,27.067116,283.85144
"113",2020-04-18 16:00:00,31.259941,284.6764
"114",2020-04-18 17:00:00,32.587456,286.03235
"115",2020-04-18 18:00:00,30.282827,288.00415
"116",2020-04-18 19:00:00,19.386593,291.8014
"117",2020-04-18 20:00:00,18.448023,287.0205
"118",2020-04-18 21:00:00,14.494192,284.3814
"119",2020-04-18 22:00:00,13.138765,279.46234
"120",2020-04-18 23:00:00,11.570515,275.35583
"121",2020-04-19 00:00:00,10.799999,270
"122",2020-04-19 01:00:00,10.08,270
"123",2020-04-19 02:00:00,9.72,270
"124",2020-04-19 03:00:00,9.3876505,274.3987
"125",2020-04-19 04:00:00,9.885262,280.4915
"126",2020-04-19 05:00:00,10.137692,286.50436
"127",2020-04-19 06:00:00,10.829958,291.44775
"128",2020-04-19 07:00:00,10.630672,298.30078
"129",2020-04-19 08:00:00,8.473393,282.26477
"130",2020-04-19 09:00:00,7.42159,284.03625
"131",2020-04-19 10:00:00,7.9932976,277.76517
"132",2020-04-19 11:00:00,9.007196,272.29062
"133",2020-04-19 12:00:00,10.853866,275.7106
"134",2020-04-19 13:00:00,11.659777,278.88065
"135",2020-04-19 14:00:00,14.264361,280.1755
"136",2020-04-19 15:00:00,17.581125,280.61966
"137",2020-04-19 16:00:00,21.398056,282.63336
"138",2020-04-19 17:00:00,24.448214,283.627
"139",2020-04-19 18:00:00,29.07989,285.06848
"140",2020-04-19 19:00:00,20.150354,288.75867
"141",2020-04-19 20:00:00,15.893093,283.0919
"142",2020-04-19 21:00:00,13.797912,277.49585
"143",2020-04-19 22:00:00,13.004921,274.76364
"144",2020-04-19 23:00:00,11.5199995,270
"145",2020-04-20 00:00:00,10.823973,266.1859
"146",2020-04-20 01:00:00,9.0645685,263.15723
"147",2020-04-20 02:00:00,8.647496,267.61407
"148",2020-04-20 03:00:00,9.028754,274.5739
"149",2020-04-20 04:00:00,9.605998,282.99463
"150",2020-04-20 05:00:00,9.904906,289.0935
"151",2020-04-20 06:00:00,10.365251,290.32315
"152",2020-04-20 07:00:00,12.904882,292.9887
"153",2020-04-20 08:00:00,11.792404,282.33908
"154",2020-04-20 09:00:00,12.496719,281.63364
"155",2020-04-20 10:00:00,12.849528,281.30994
"156",2020-04-20 11:00:00,12.074766,280.30487
"157",2020-04-20 12:00:00,12.783802,279.7276
"158",2020-04-20 13:00:00,13.979871,281.88867
"159",2020-04-20 14:00:00,17.026896,283.4486
"160",2020-04-20 15:00:00,17.902534,285.15405
"161",2020-04-20 16:00:00,19.386591,285.06848
"162",2020-04-20 17:00:00,15.893093,283.0919
"163",2020-04-20 18:00:00,13.493999,279.21103
"164",2020-04-20 19:00:00,17.418196,288.0605
"165",2020-04-20 20:00:00,15.5843,276.6325
"166",2020-04-20 21:00:00,13.679999,270
"167",2020-04-20 22:00:00,13.339445,266.90594
"168",2020-04-20 23:00:00,11.525623,268.21008
"169",2020-04-21 00:00:00,11.5199995,270
"170",2020-04-21 01:00:00,10.105681,274.08563
"171",2020-04-21 02:00:00,10.239453,280.1247
"172",2020-04-21 03:00:00,10.308831,282.09476
"173",2020-04-21 04:00:00,10.829959,285.42218
"174",2020-04-21 05:00:00,11.503113,290.1363
"175",2020-04-21 06:00:00,12.10157,292.75098
"176",2020-04-21 07:00:00,11.91812,295.0169
"177",2020-04-21 08:00:00,11.113451,294.90475
"178",2020-04-21 09:00:00,8.891344,291.37064
"179",2020-04-21 10:00:00,9.449572,287.7447
"180",2020-04-21 11:00:00,9.531505,280.88553
"181",2020-04-21 12:00:00,10.8955765,277.59464
"182",2020-04-21 13:00:00,12.287555,275.04245
"183",2020-04-21 14:00:00,14.113653,275.85602
"184",2020-04-21 15:00:00,13.722565,274.51398
"185",2020-04-21 16:00:00,14.154915,277.30576
"186",2020-04-21 17:00:00,12.6462,274.8991
"187",2020-04-21 18:00:00,13.397612,276.1702
"188",2020-04-21 19:00:00,13.039754,276.34018
"189",2020-04-21 20:00:00,13.75558,276.009
"190",2020-04-21 21:00:00,13.684735,271.50745
"191",2020-04-21 22:00:00,12.959999,270
"192",2020-04-21 23:00:00,11.159999,270
"193",2020-04-20 00:00:00,11.159999,270
"194",2020-04-20 01:00:00,10.08,270
"195",2020-04-20 02:00:00,9.726665,272.1211
"196",2020-04-20 03:00:00,9.422101,276.58194
"197",2020-04-20 04:00:00,9.47012,278.74615
"198",2020-04-20 05:00:00,9.9571085,282.5288
"200",2020-04-20 07:00:00,10.495713,292.16635
"201",2020-04-20 08:00:00,11.298495,292.47943
"202",2020-04-20 09:00:00,10.365251,290.32315
"203",2020-04-20 10:00:00,12.864649,287.92792
"204",2020-04-20 11:00:00,12.144331,281.97614
"205",2020-04-20 12:00:00,13.084402,277.90717
"206",2020-04-20 13:00:00,12.682018,276.5198
"207",2020-04-20 14:00:00,15.328561,279.46234
"208",2020-04-20 15:00:00,17.298738,282.01147
"209",2020-04-20 16:00:00,18.947083,284.3003
"210",2020-04-20 17:00:00,14.205182,278.74615
"211",2020-04-20 18:00:00,13.397612,276.1702
"212",2020-04-20 19:00:00,12.261158,273.36646
"213",2020-04-20 20:00:00,12.964998,271.59113
"215",2020-04-20 22:00:00,14.05845,272.93567
"216",2020-04-20 23:00:00,12.599999,270
"217",2020-04-21 00:00:00,11.901798,273.46823
"218",2020-04-21 01:00:00,10.853866,275.7106
"219",2020-04-21 02:00:00,11.304229,279.16235
"220",2020-04-21 03:00:00,10.594036,279.7824
"221",2020-04-21 04:00:00,11.367109,280.95407
"222",2020-04-21 05:00:00,11.440978,282.72437
"224",2020-04-21 07:00:00,12.413477,299.5388
"225",2020-04-21 08:00:00,10.028439,291.0375
"226",2020-04-21 09:00:00,9.346143,285.64224
"227",2020-04-21 10:00:00,10.239453,280.1247
"228",2020-04-21 11:00:00,10.948973,279.46234
"229",2020-04-21 12:00:00,13.138765,279.46234
"230",2020-04-21 13:00:00,13.138765,279.46234
"231",2020-04-21 14:00:00,16.520823,281.30994
"232",2020-04-21 15:00:00,18.161278,283.7608
"233",2020-04-21 16:00:00,20.620806,286.22018
"234",2020-04-21 17:00:00,21.175835,287.8189
"235",2020-04-21 18:00:00,17.026896,283.4486
"236",2020-04-21 19:00:00,17.193533,289.57312
"237",2020-04-21 20:00:00,15.683776,279.24612
"238",2020-04-21 21:00:00,12.964998,268.40887
"239",2020-04-21 22:00:00,12.605142,268.36343
"240",2020-04-21 23:00:00,11.183201,266.30862
"241",2020-04-22 00:00:00,10.086427,267.9546
"242",2020-04-22 01:00:00,9.422101,276.58194
"243",2020-04-22 02:00:00,8.557102,284.62088
"244",2020-04-22 03:00:00,7.8954163,294.22775
"245",2020-04-22 04:00:00,7.9036193,300.0686
"246",2020-04-22 05:00:00,7.491114,305.2176
"247",2020-04-22 06:00:00,7.7043357,307.40536
"248",2020-04-22 07:00:00,11.792404,301.26373
"249",2020-04-22 08:00:00,8.217153,298.8108
"250",2020-04-22 09:00:00,5.3999996,306.8699
"251",2020-04-22 10:00:00,5.3999996,323.13013
"252",2020-04-22 11:00:00,6.638072,347.4712
"253",2020-04-22 12:00:00,6.638072,12.528809
"254",2020-04-22 13:00:00,6.28713,23.629364
"255",2020-04-22 14:00:00,9.028754,23.49855
"256",2020-04-22 15:00:00,9.504273,24.623566
"257",2020-04-22 16:00:00,10.028439,21.037506
"258",2020-04-22 17:00:00,9,16.260193
"259",2020-04-22 18:00:00,8.707238,7.125
"260",2020-04-22 19:00:00,13.089354,328.49573
"261",2020-04-22 20:00:00,10.44,316.3972
"262",2020-04-22 21:00:00,7.729527,297.75854
"263",2020-04-22 22:00:00,7.8954163,294.22775
"264",2020-04-22 23:00:00,7.5170207,286.69925
"265",2020-04-23 00:00:00,6.9527545,291.2505
"266",2020-04-23 01:00:00,5.815978,291.8014
"267",2020-04-23 02:00:00,5.315336,298.30078
"268",2020-04-23 03:00:00,5.0911684,315
"269",2020-04-23 04:00:00,5.1919937,326.30994
"270",2020-04-23 05:00:00,5.00128,329.7436
"271",2020-04-23 06:00:00,4.829907,333.43497
"272",2020-04-23 07:00:00,8.089993,339.14557
"273",2020-04-23 08:00:00,6.4096174,321.84277
"274",2020-04-23 09:00:00,3.8268526,311.1859
"275",2020-04-23 10:00:00,4.198285,300.96378
"276",2020-04-23 11:00:00,5.1919937,326.30994
"277",2020-04-23 12:00:00,6.849467,356.98724
"278",2020-04-23 13:00:00,6.9899354,11.888657
"279",2020-04-23 14:00:00,5.4119864,3.8140564
"280",2020-04-23 15:00:00,4.3498964,335.55603
"281",2020-04-23 16:00:00,6.4096174,308.15723
"282",2020-04-23 17:00:00,9.504273,294.62357
"283",2020-04-23 18:00:00,13.896187,286.55707
"284",2020-04-23 19:00:00,22.884789,289.29004
"285",2020-04-23 20:00:00,21.194187,290.89777
"286",2020-04-23 21:00:00,16.516901,286.46002
"287",2020-04-23 22:00:00,15.463244,282.09476
"288",2020-04-23 23:00:00,13.441071,277.69604
"289",2020-04-24 00:00:00,11.901798,273.46823
"290",2020-04-24 01:00:00,10.08,270
"291",2020-04-24 02:00:00,8.64,270
"292",2020-04-24 03:00:00,7.208994,267.1376
"293",2020-04-24 04:00:00,5.4119864,266.1859
"294",2020-04-24 05:00:00,4.3349743,265.23636
"295",2020-04-24 06:00:00,3.671294,258.69006
"296",2020-04-24 07:00:00,4.5536795,288.43497
"297",2020-04-24 08:00:00,5.4477882,262.40536
"298",2020-04-24 09:00:00,5.4833565,246.8014
"299",2020-04-24 10:00:00,6.439876,243.43495
"300",2020-04-24 11:00:00,7.0911775,246.0375
"301",2020-04-24 12:00:00,8.891344,248.62938
"302",2020-04-24 13:00:00,12.10157,247.24902
"303",2020-04-24 14:00:00,15.315873,246.44774
"304",2020-04-24 15:00:00,18.388212,246.9487
"305",2020-04-24 16:00:00,22.127556,248.02548
"306",2020-04-24 17:00:00,24.606731,249.44395
"307",2020-04-24 18:00:00,28.460497,251.56506
"308",2020-04-24 19:00:00,24.717085,257.38068
"309",2020-04-24 20:00:00,25.86494,261.1932
"310",2020-04-24 21:00:00,17.727943,257.0926
"311",2020-04-24 22:00:00,13.661038,251.56506
"312",2020-04-24 23:00:00,10.829958,248.55226
"313",2020-04-25 00:00:00,10.365251,249.67686
"314",2020-04-25 01:00:00,8.891344,248.62938
"315",2020-04-25 02:00:00,8.311245,252.34988
"316",2020-04-25 03:00:00,6.9899354,258.11133
"317",2020-04-25 04:00:00,6.519877,263.65982
"318",2020-04-25 05:00:00,5.04,270
"319",2020-04-25 06:00:00,4.68,270
"320",2020-04-25 07:00:00,5.991594,302.73523
"321",2020-04-25 08:00:00,5.1165614,309.2894
"322",2020-04-25 09:00:00,2.9024127,299.74487
"323",2020-04-25 10:00:00,4.198285,300.96378
"324",2020-04-25 11:00:00,5.1919937,303.69006
"325",2020-04-25 12:00:00,4.8965297,306.02737
"326",2020-04-25 13:00:00,3.6,306.8699
"327",2020-04-25 14:00:00,3.4152596,288.43497
"328",2020-04-25 15:00:00,4.68,270
"329",2020-04-25 16:00:00,7.928178,267.39746
"330",2020-04-25 17:00:00,11.183201,266.30862
"331",2020-04-25 18:00:00,14.759999,270
"332",2020-04-25 19:00:00,19.296133,278.58362
"333",2020-04-25 20:00:00,17.373497,275.94687
"334",2020-04-25 21:00:00,16.56,270
"335",2020-04-25 22:00:00,15.124284,271.36392
"336",2020-04-25 23:00:00,12.620554,273.2705
"337",2020-04-26 00:00:00,11.570515,275.35583
"338",2020-04-26 01:00:00,10.538843,277.85333
"339",2020-04-26 02:00:00,9.826088,278.42697
"340",2020-04-26 03:00:00,8.707238,277.125
"341",2020-04-26 04:00:00,7.9932976,277.76517
"342",2020-04-26 05:00:00,6.519877,276.34018
"343",2020-04-26 06:00:00,5.4119864,273.8141
"344",2020-04-26 07:00:00,9.904906,289.0935
"345",2020-04-26 08:00:00,8.905908,284.03625
"346",2020-04-26 09:00:00,6.5693827,279.46234
"347",2020-04-26 10:00:00,6.849467,273.0128
"348",2020-04-26 11:00:00,7.928178,267.39746
"349",2020-04-26 12:00:00,10.08,270
"350",2020-04-26 13:00:00,12.959999,270
"351",2020-04-26 14:00:00,18.36353,268.8767
"352",2020-04-26 15:00:00,21.647945,266.1859
"353",2020-04-26 16:00:00,24.57511,264.95755
"354",2020-04-26 17:00:00,26.400545,264.52264
"355",2020-04-26 18:00:00,29.934166,266.5526
"356",2020-04-26 19:00:00,13.797913,285.12402
"357",2020-04-26 20:00:00,12.620554,273.2705
"358",2020-04-26 21:00:00,12.599999,270
"359",2020-04-26 22:00:00,12.599999,270
"360",2020-04-26 23:00:00,11.542478,266.42368
"361",2020-04-27 00:00:00,10.853866,264.28943
"362",2020-04-27 01:00:00,9.0645685,263.15723
"363",2020-04-27 02:00:00,8.12197,257.19574
"364",2020-04-27 03:00:00,7.342588,258.69006
"365",2020-04-27 04:00:00,7.9526596,264.80557
"366",2020-04-27 05:00:00,7.5599995,270
"367",2020-04-27 06:00:00,7.2359104,275.7106
"368",2020-04-27 07:00:00,5.937272,284.03625
"369",2020-04-27 08:00:00,4.802999,282.99463
"370",2020-04-27 09:00:00,4.0249224,280.30487
"371",2020-04-27 10:00:00,5.7599998,270
"372",2020-04-27 11:00:00,7.92,270
"373",2020-04-27 12:00:00,10.086427,272.0454
"374",2020-04-27 13:00:00,11.901798,273.46823
"375",2020-04-27 14:00:00,15.876775,273.9005
"376",2020-04-27 15:00:00,19.09358,272.16107
"377",2020-04-27 16:00:00,23.0653,272.68378
"378",2020-04-27 17:00:00,26.727423,274.63547
"379",2020-04-27 18:00:00,30.903435,278.0357
"380",2020-04-27 19:00:00,31.355152,282.60016
"381",2020-04-27 20:00:00,24.535524,284.44403
"382",2020-04-27 21:00:00,15.328561,279.46234
"383",2020-04-27 22:00:00,11.879999,270
"384",2020-04-27 23:00:00,9.605998,257.00537
"385",2020-04-26 00:00:00,12.287555,275.04245
"386",2020-04-26 01:00:00,10.853866,275.7106
"387",2020-04-26 02:00:00,9.47012,278.74615
"388",2020-04-26 03:00:00,7.9932976,277.76517
"389",2020-04-26 04:00:00,7.2805495,278.53076
"390",2020-04-26 05:00:00,6.130579,273.36646
"392",2020-04-26 07:00:00,4.68,270
"393",2020-04-26 08:00:00,4.32,270
"394",2020-04-26 09:00:00,2.968636,255.96376
"395",2020-04-26 10:00:00,4.802999,257.00537
"396",2020-04-26 11:00:00,7.2359104,264.28943
"397",2020-04-26 12:00:00,9.726665,267.8789
"398",2020-04-26 13:00:00,11.542478,266.42368
"399",2020-04-26 14:00:00,15.876775,266.0995
"400",2020-04-26 15:00:00,19.245697,262.4762
"401",2020-04-26 16:00:00,22.553936,261.74057
"402",2020-04-26 17:00:00,25.153671,260.9421
"403",2020-04-26 18:00:00,28.943642,264.28943
"404",2020-04-26 19:00:00,30.599998,270
"405",2020-04-26 20:00:00,26.661882,272.32153
"406",2020-04-26 21:00:00,17.28,270
"407",2020-04-26 22:00:00,13.684735,268.49255
"408",2020-04-26 23:00:00,11.659777,261.11935
"409",2020-04-27 00:00:00,11.090103,256.86597
"410",2020-04-27 01:00:00,10.137692,253.49564
"411",2020-04-27 02:00:00,9.449572,252.25534
"412",2020-04-27 03:00:00,8.654986,253.07248
"413",2020-04-27 04:00:00,8.209263,254.74487
"414",2020-04-27 05:00:00,7.2805495,261.46924
"416",2020-04-27 07:00:00,10.24578,288.43494
"417",2020-04-27 08:00:00,8.350138,277.4314
"418",2020-04-27 09:00:00,7.2,270
"419",2020-04-27 10:00:00,8.64,270
"420",2020-04-27 11:00:00,10.105681,274.08563
"421",2020-04-27 12:00:00,11.609651,277.125
"422",2020-04-27 13:00:00,13.556282,280.71313
"423",2020-04-27 14:00:00,16.808569,279.8658
"424",2020-04-27 15:00:00,19.602652,277.38605
"425",2020-04-27 16:00:00,22.505037,277.3524
"426",2020-04-27 17:00:00,25.364037,276.5198
"427",2020-04-27 18:00:00,29.17777,279.2299
"428",2020-04-27 19:00:00,24.066206,291.96057
"429",2020-04-27 20:00:00,18.448023,287.0205
"430",2020-04-27 21:00:00,14.685176,281.30994
"431",2020-04-27 22:00:00,13.698934,273.0128
"432",2020-04-27 23:00:00,11.879999,270
"433",2020-04-28 00:00:00,10.823973,266.1859
"434",2020-04-28 01:00:00,8.669949,265.23636
"435",2020-04-28 02:00:00,7.5942073,264.5597
"436",2020-04-28 03:00:00,6.489992,266.8202
"437",2020-04-28 04:00:00,6.12,270
"438",2020-04-28 05:00:00,5.4477882,277.59464
"439",2020-04-28 06:00:00,5.2416787,285.9454
"440",2020-04-28 07:00:00,11.440978,282.72437
"441",2020-04-28 08:00:00,9.3876505,274.3987
"442",2020-04-28 09:00:00,7.5599995,270
"443",2020-04-28 10:00:00,7.5685663,267.27368
"444",2020-04-28 11:00:00,7.928178,267.39746
"445",2020-04-28 12:00:00,9.36,270
"446",2020-04-28 13:00:00,10.805999,271.90915
"447",2020-04-28 14:00:00,13.397612,276.1702
"448",2020-04-28 15:00:00,15.39184,280.7843
"449",2020-04-28 16:00:00,17.651016,281.7683
"450",2020-04-28 17:00:00,20.265795,282.30804
"451",2020-04-28 18:00:00,23.233253,282.5288
"452",2020-04-28 19:00:00,14.241629,286.14435
"453",2020-04-28 20:00:00,14.154915,277.30576
"454",2020-04-28 21:00:00,13.363711,274.63547
"455",2020-04-28 22:00:00,12.979984,273.17984
"456",2020-04-28 23:00:00,11.525623,271.78992
"457",2020-04-29 00:00:00,11.165805,271.84763
"458",2020-04-29 01:00:00,9,270
"459",2020-04-29 02:00:00,7.5599995,270
"460",2020-04-29 03:00:00,6.4799995,270
"461",2020-04-29 04:00:00,5.3999996,270
"462",2020-04-29 05:00:00,4.3349743,274.76364
"463",2020-04-29 06:00:00,3.7585104,286.69925
"464",2020-04-29 07:00:00,6.6185193,292.38013
"465",2020-04-29 08:00:00,6.2145634,280.008
"466",2020-04-29 09:00:00,5.771239,273.57632
"467",2020-04-29 10:00:00,7.2,270
"468",2020-04-29 11:00:00,7.92,270
"469",2020-04-29 12:00:00,8.647496,267.61407
"470",2020-04-29 13:00:00,8.311245,265.03027
"471",2020-04-29 14:00:00,10.308831,257.90524
"472",2020-04-29 15:00:00,12.57426,256.7595
"473",2020-04-29 16:00:00,15.111424,257.61926
"474",2020-04-29 17:00:00,17.81909,261.8699
"475",2020-04-29 18:00:00,22.691425,268.1817
"476",2020-04-29 19:00:00,14.408997,282.99463
"477",2020-04-29 20:00:00,13.75558,276.009
"478",2020-04-29 21:00:00,13.363711,274.63547
"479",2020-04-29 22:00:00,12.261158,273.36646
"480",2020-04-29 23:00:00,10.440001,270
"481",2020-04-30 00:00:00,9.3669195,267.7974
"482",2020-04-30 01:00:00,8.287822,267.51044
"483",2020-04-30 02:00:00,7.928178,267.39746
"484",2020-04-30 03:00:00,7.2,270
"485",2020-04-30 04:00:00,7.208994,272.8624
"486",2020-04-30 05:00:00,6.87779,276.009
"487",2020-04-30 06:00:00,7.342588,281.30994
"488",2020-04-30 07:00:00,10.390226,284.03625
"489",2020-04-30 08:00:00,10.538843,277.85333
"490",2020-04-30 09:00:00,7.5685663,272.72632
"491",2020-04-30 10:00:00,7.928178,267.39746
"492",2020-04-30 11:00:00,9.114471,260.90973
"493",2020-04-30 12:00:00,10.8955765,262.40536
"494",2020-04-30 13:00:00,10.829959,254.57785
"495",2020-04-30 14:00:00,12.768586,248.49857
"496",2020-04-30 15:00:00,17.114204,247.75098
"497",2020-04-30 16:00:00,21.53089,249.44395
"498",2020-04-30 17:00:00,24.933735,252.34988
"499",2020-04-30 18:00:00,28.312117,258.2614
"500",2020-04-30 19:00:00,14.440443,274.28915
"501",2020-04-30 20:00:00,14.05845,272.93567
"502",2020-04-30 21:00:00,13.679999,270
"503",2020-04-30 22:00:00,12.620554,266.7295
"504",2020-04-30 23:00:00,10.948973,260.5377
"505",2020-05-01 00:00:00,10.8955765,262.40536
"506",2020-05-01 01:00:00,9.746631,265.7636
"507",2020-05-01 02:00:00,9.36,270
"508",2020-05-01 03:00:00,7.92,270
"509",2020-05-01 04:00:00,7.208994,272.8624
"510",2020-05-01 05:00:00,5.771239,273.57632
"511",2020-05-01 06:00:00,5.4477882,277.59464
"512",2020-05-01 07:00:00,10.1376915,276.1155
"513",2020-05-01 08:00:00,7.2,270
"514",2020-05-01 09:00:00,6.4799995,270
"515",2020-05-01 10:00:00,7.92,270
"516",2020-05-01 11:00:00,8.287822,267.51044
"517",2020-05-01 12:00:00,9.0645685,263.15723
"518",2020-05-01 13:00:00,9.793058,252.89728
"519",2020-05-01 14:00:00,13.32,251.07536
"520",2020-05-01 15:00:00,16.516901,249.59012
"521",2020-05-01 16:00:00,20.730501,249.67686
"522",2020-05-01 17:00:00,24.248613,251.83405
"523",2020-05-01 18:00:00,26.717722,255.96376
"524",2020-05-01 19:00:00,17.106628,261.52887
"525",2020-05-01 20:00:00,15.629972,262.05652
"526",2020-05-01 21:00:00,14.264361,259.8245
"527",2020-05-01 22:00:00,13.202726,258.99646
"528",2020-05-01 23:00:00,11.525623,255.52971
"529",2020-05-02 00:00:00,10.390226,255.96376
"530",2020-05-02 01:00:00,8.654986,253.07248
"531",2020-05-02 02:00:00,8.766573,250.82098
"532",2020-05-02 03:00:00,7.968939,251.56506
"533",2020-05-02 04:00:00,7.968939,251.56506
"534",2020-05-02 05:00:00,6.830519,251.56506
"535",2020-05-02 06:00:00,6.489992,250.55997
"536",2020-05-02 07:00:00,10.182337,278.1301
"537",2020-05-02 08:00:00,7.2359104,264.28943
"538",2020-05-02 09:00:00,6.849467,266.9872
"539",2020-05-02 10:00:00,8.12197,257.19574
"540",2020-05-02 11:00:00,9.531505,259.11447
"541",2020-05-02 12:00:00,11.609651,262.875
"542",2020-05-02 13:00:00,14.04,270
"543",2020-05-02 14:00:00,17.294992,272.38596
"544",2020-05-02 15:00:00,21.316135,274.844
"545",2020-05-02 16:00:00,26.478973,277.0284
"546",2020-05-02 17:00:00,29.122198,278.53076
"547",2020-05-02 18:00:00,31.1374,280.66034
"548",2020-05-02 19:00:00,15.034041,286.69925
"549",2020-05-02 20:00:00,12.979984,273.17984
"550",2020-05-02 21:00:00,12.245294,268.3153
"551",2020-05-02 22:00:00,11.901798,266.53177
"552",2020-05-02 23:00:00,11.212135,264.47247
"553",2020-05-03 00:00:00,10.08,270
"554",2020-05-03 01:00:00,8.64,270
"555",2020-05-03 02:00:00,8.28,270
"556",2020-05-03 03:00:00,7.208994,272.8624
"557",2020-05-03 04:00:00,7.771331,283.39252
"558",2020-05-03 05:00:00,7.628263,289.29004
"559",2020-05-03 06:00:00,8.699793,294.44397
"560",2020-05-03 07:00:00,9.19939,300.57922
"561",2020-05-03 08:00:00,9.693296,301.3287
"562",2020-05-03 09:00:00,8.78872,304.99203
"563",2020-05-03 10:00:00,9.826088,298.44293
"564",2020-05-03 11:00:00,9.449572,287.7447
"565",2020-05-03 12:00:00,11.013882,281.30994
"566",2020-05-03 13:00:00,12.849528,281.30994
"567",2020-05-03 14:00:00,15.463244,282.09476
"568",2020-05-03 15:00:00,21.41319,286.607
"569",2020-05-03 16:00:00,27.210379,287.7158
"570",2020-05-03 17:00:00,30.96837,287.59244
"571",2020-05-03 18:00:00,30.282827,288.00415
"572",2020-05-03 19:00:00,19.13426,281.94418
"573",2020-05-03 20:00:00,15.5843,276.6325
"574",2020-05-03 21:00:00,12.979984,273.17984
"575",2020-05-03 22:00:00,11.879999,270
"576",2020-05-03 23:00:00,9.726665,267.8789
"577",2020-05-04 00:00:00,9,270
"578",2020-05-04 01:00:00,8.287822,272.48956
"579",2020-05-04 02:00:00,8.4042845,279.8658
"580",2020-05-04 03:00:00,8.049845,280.30487
"581",2020-05-04 04:00:00,8.4042845,279.8658
"582",2020-05-04 05:00:00,8.12197,282.80426
"583",2020-05-04 06:00:00,8.766573,289.17902
"584",2020-05-04 07:00:00,8.225035,293.1986
"585",2020-05-04 08:00:00,7.8954163,294.22775
"586",2020-05-04 09:00:00,7.0911775,293.9625
"587",2020-05-04 10:00:00,7.289444,290.22485
"588",2020-05-04 11:00:00,6.725354,285.5241
"589",2020-05-04 12:00:00,7.072878,284.74356
"590",2020-05-04 13:00:00,6.725354,285.5241
"591",2020-05-04 14:00:00,7.342588,281.30994
"592",2020-05-04 15:00:00,9.605998,282.99463
"593",2020-05-04 16:00:00,13.009903,284.42078
"594",2020-05-04 17:00:00,15.978486,284.34933
"595",2020-05-04 18:00:00,20.724247,287.1759
"596",2020-05-04 19:00:00,18.1041,287.35403
"597",2020-05-04 20:00:00,15.192682,283.70697
"598",2020-05-04 21:00:00,12.849528,281.30994
"599",2020-05-04 22:00:00,10.182337,278.1301
"600",2020-05-04 23:00:00,7.928178,272.60257
"601",2020-05-05 00:00:00,6.8399997,270
"602",2020-05-05 01:00:00,5.771239,273.57632
"603",2020-05-05 02:00:00,5.0911684,278.1301
"604",2020-05-05 03:00:00,4.3349743,274.76364
"605",2020-05-05 04:00:00,4.0249224,280.30487
"606",2020-05-05 05:00:00,3.671294,281.30994
"607",2020-05-05 06:00:00,3.8939953,303.69006
"608",2020-05-05 07:00:00,4.1046314,307.875
"609",2020-05-05 08:00:00,3.096837,305.5377
"610",2020-05-05 09:00:00,1.4399999,270
"611",2020-05-05 10:00:00,1.609969,243.43495
"612",2020-05-05 11:00:00,2.5959969,236.30994
"613",2020-05-05 12:00:00,2.2768397,251.56506
"614",2020-05-05 13:00:00,2.8799999,270
"615",2020-05-05 14:00:00,3.2599385,276.34018
"616",2020-05-05 15:00:00,3.7585104,286.69925
"617",2020-05-05 16:00:00,5.315336,298.30078
"618",2020-05-05 17:00:00,7.5942082,301.42957
"619",2020-05-05 18:00:00,10.990322,301.6075
"620",2020-05-05 19:00:00,14.986553,294.10223
"621",2020-05-05 20:00:00,14.003029,287.96915
"622",2020-05-05 21:00:00,14.05845,283.32452
"623",2020-05-05 22:00:00,12.429127,280.008
"624",2020-05-05 23:00:00,10.538843,277.85333
"625",2020-05-06 00:00:00,8.4042845,279.8658
"626",2020-05-06 01:00:00,6.28713,283.2405
"627",2020-05-06 02:00:00,3.671294,281.30994
"628",2020-05-06 03:00:00,2.16,270
"629",2020-05-06 04:00:00,1.8,270
"630",2020-05-06 05:00:00,1.08,270
"631",2020-05-06 06:00:00,1.1384199,288.43497
"632",2020-05-06 07:00:00,5.315336,298.30078
"633",2020-05-06 08:00:00,5.0911684,278.1301
"634",2020-05-06 09:00:00,3.96,270
"635",2020-05-06 10:00:00,4.6938252,265.6013
"636",2020-05-06 11:00:00,4.896529,252.89728
"637",2020-05-06 12:00:00,5.634891,243.43495
"638",2020-05-06 13:00:00,7.386582,223.02507
"639",2020-05-06 14:00:00,10.44,226.39719
"640",2020-05-06 15:00:00,12.88981,234.09029
"641",2020-05-06 16:00:00,15.2947035,243.43495
"642",2020-05-06 17:00:00,18.448023,252.97949
"643",2020-05-06 18:00:00,23.219301,262.875
"644",2020-05-06 19:00:00,24.490587,271.6847
"645",2020-05-06 20:00:00,20.172853,267.9546
"646",2020-05-06 21:00:00,14.830076,264.4278
"647",2020-05-06 22:00:00,12.324414,263.29016
"648",2020-05-06 23:00:00,9.885262,259.50854
"649",2020-05-07 00:00:00,8.766573,250.82098
"650",2020-05-07 01:00:00,7.10031,239.53445
"651",2020-05-07 02:00:00,7.145796,229.08562
"652",2020-05-07 03:00:00,6.1305785,220.23636
"653",2020-05-07 04:00:00,5.991594,212.73523
"654",2020-05-07 05:00:00,5.154415,204.77515
"655",2020-05-07 06:00:00,5.154415,204.77515
"656",2020-05-07 07:00:00,8.64,270
"657",2020-05-07 08:00:00,7.2805495,261.46924
"658",2020-05-07 09:00:00,4.510787,241.38954
"659",2020-05-07 10:00:00,5.6233797,230.19443
"660",2020-05-07 11:00:00,7.145796,229.08562
"661",2020-05-07 12:00:00,9.290511,234.46233
"662",2020-05-07 13:00:00,11.923557,241.11342
"663",2020-05-07 14:00:00,15.941944,244.59229
"664",2020-05-07 15:00:00,19.255793,249.1932
"665",2020-05-07 16:00:00,22.657131,252.42874
"666",2020-05-07 17:00:00,26.282465,256.5348
"667",2020-05-07 18:00:00,31.259945,262.05652
"668",2020-05-07 19:00:00,20.880001,270
"669",2020-05-07 20:00:00,17.414476,262.875
"670",2020-05-07 21:00:00,11.841756,250.46335
"671",2020-05-07 22:00:00,10.948973,242.59244
"672",2020-05-07 23:00:00,11.119281,240.9454
"673",2020-05-08 00:00:00,11.4862,237.80426
"674",2020-05-08 01:00:00,11.304229,232.76517
"675",2020-05-08 02:00:00,11.753876,229.96974
"676",2020-05-08 03:00:00,11.457958,226.27303
"677",2020-05-08 04:00:00,11.709688,225
"678",2020-05-08 05:00:00,10.44,226.39719
"679",2020-05-08 06:00:00,9.931042,226.46881
"680",2020-05-08 07:00:00,5.3517847,250.34618
"681",2020-05-08 08:00:00,5.6920996,251.56506
"682",2020-05-08 09:00:00,5.2416787,254.0546
"683",2020-05-08 10:00:00,6.28713,256.7595
"684",2020-05-08 11:00:00,6.725354,254.47589
"685",2020-05-08 12:00:00,8.4042845,260.1342
"686",2020-05-08 13:00:00,10.853866,264.28943
"687",2020-05-08 14:00:00,14.512064,262.875
"688",2020-05-08 15:00:00,17.462784,261.70285
"689",2020-05-08 16:00:00,22.19773,261.6071
"690",2020-05-08 17:00:00,26.168804,262.09283
"691",2020-05-08 18:00:00,31.526215,263.44305
"692",2020-05-08 19:00:00,21.24305,269.029
"693",2020-05-08 20:00:00,19.852295,265.84036
"694",2020-05-08 21:00:00,12.57426,256.7595
"695",2020-05-08 22:00:00,10.829959,254.57785
"696",2020-05-08 23:00:00,9.793058,252.89728
"697",2020-05-09 00:00:00,9.793058,252.89728
"698",2020-05-09 01:00:00,8.766573,250.82098
"699",2020-05-09 02:00:00,8.427383,250.0169
"700",2020-05-09 03:00:00,7.289444,249.77515
"701",2020-05-09 04:00:00,7.172949,252.47443
"702",2020-05-09 05:00:00,6.725354,254.47589
"703",2020-05-09 06:00:00,6.830519,251.56506
"704",2020-05-09 07:00:00,9.565437,289.7989
"705",2020-05-09 08:00:00,8.287822,267.51044
"706",2020-05-09 09:00:00,8.350138,262.5686
"707",2020-05-09 10:00:00,8.647496,267.61407
"708",2020-05-09 11:00:00,8.64,270
"709",2020-05-09 12:00:00,9.746631,274.2364
"710",2020-05-09 13:00:00,11.013882,281.30994
"711",2020-05-09 14:00:00,12.144331,281.97614
"712",2020-05-09 15:00:00,13.138765,279.46234
"713",2020-05-09 16:00:00,14.869351,276.95297
"714",2020-05-09 17:00:00,17.771753,276.98108
"715",2020-05-09 18:00:00,22.19773,278.39294
"716",2020-05-09 19:00:00,26.081993,290.1858
"717",2020-05-09 20:00:00,19.13426,281.94418
"718",2020-05-09 21:00:00,15.856356,272.60257
"719",2020-05-09 22:00:00,14.417988,267.1376
"720",2020-05-09 23:00:00,13.084402,262.09283
"721",2020-05-10 00:00:00,12.074766,259.69516
"722",2020-05-10 01:00:00,11.013882,258.69006
"723",2020-05-10 02:00:00,9.885262,259.50854
"724",2020-05-10 03:00:00,8.759178,260.5377
"725",2020-05-10 04:00:00,7.5942073,264.5597
"726",2020-05-10 05:00:00,7.2,270
"727",2020-05-10 06:00:00,7.208994,272.8624
"728",2020-05-10 07:00:00,9.904906,289.0935
"729",2020-05-10 08:00:00,6.924738,278.97263
"730",2020-05-10 09:00:00,6.924738,278.97263
"731",2020-05-10 10:00:00,7.92,270
"732",2020-05-10 11:00:00,9.007196,267.7094
"733",2020-05-10 12:00:00,10.440001,270
"734",2020-05-10 13:00:00,13.397612,276.1702
"735",2020-05-10 14:00:00,16.343367,277.59464
"736",2020-05-10 15:00:00,19.245697,277.5238
"737",2020-05-10 16:00:00,23.576563,277.0165
"738",2020-05-10 17:00:00,27.698952,278.97263
"739",2020-05-10 18:00:00,31.205997,281.30994
"740",2020-05-10 19:00:00,15.39184,280.7843
"741",2020-05-10 20:00:00,12.599999,270
"742",2020-05-10 21:00:00,12.074766,259.69516
"743",2020-05-10 22:00:00,12.303366,249.44395
"744",2020-05-10 23:00:00,11.440979,245.85446
"745",2020-05-11 00:00:00,11.770403,246.57132
"746",2020-05-11 01:00:00,11.27553,253.30075
"747",2020-05-11 02:00:00,11.367109,259.04596
"748",2020-05-11 03:00:00,10.805999,268.09085
"749",2020-05-11 04:00:00,10.464798,273.9452
"750",2020-05-11 05:00:00,9.422101,276.58194
"751",2020-05-11 06:00:00,9.114471,279.09027
"752",2020-05-11 07:00:00,8.766573,289.17902
"753",2020-05-11 08:00:00,9.178235,281.30994
"754",2020-05-11 09:00:00,8.707238,277.125
"755",2020-05-11 10:00:00,10.086427,272.0454
"756",2020-05-11 11:00:00,10.440001,270
"757",2020-05-11 12:00:00,13.324863,268.45184
"758",2020-05-11 13:00:00,14.764389,268.60284
"759",2020-05-11 14:00:00,18.391735,266.63354
"760",2020-05-11 15:00:00,22.366402,266.30862
"761",2020-05-11 16:00:00,26.302181,267.6467
"762",2020-05-11 17:00:00,29.88,270
"763",2020-05-11 18:00:00,33.497414,271.84763
"764",2020-05-11 19:00:00,31.06239,274.65335
"765",2020-05-11 20:00:00,18.775301,274.3987
"766",2020-05-11 21:00:00,13.324863,268.45184
"767",2020-05-11 22:00:00,11.928989,264.80557
"768",2020-05-11 23:00:00,10.495713,264.09387
