"","timestamp","Nueva.Baja.California.Wind.Speed..80.m.","Nueva.Baja.California.Wind.Direction..80.m."
"1",2020-04-14 00:00:00,5.5887027,194.93143
"2",2020-04-14 01:00:00,4.0249224,190.30484
"3",2020-04-14 02:00:00,2.968636,165.96376
"4",2020-04-14 03:00:00,2.3051248,141.34018
"5",2020-04-14 04:00:00,2.0991426,120.96376
"6",2020-04-14 05:00:00,2.5455842,171.8699
"7",2020-04-14 06:00:00,2.3051248,141.34018
"8",2020-04-14 07:00:00,3.7585104,106.69924
"9",2020-04-14 08:00:00,5.2416787,105.9454
"10",2020-04-14 09:00:00,4.73506,98.74616
"11",2020-04-14 10:00:00,2.9024127,97.125015
"12",2020-04-14 11:00:00,2.2768397,108.434944
"13",2020-04-14 12:00:00,2.16,180
"14",2020-04-14 13:00:00,5.904439,232.43141
"15",2020-04-14 14:00:00,7.729527,242.24146
"16",2020-04-14 15:00:00,9.9571085,257.4712
"17",2020-04-14 16:00:00,9.72,270
"18",2020-04-14 17:00:00,12.324414,276.70984
"19",2020-04-14 18:00:00,10.08,270
"20",2020-04-14 19:00:00,9.0645685,263.15723
"21",2020-04-14 20:00:00,6.130579,266.63354
"22",2020-04-14 21:00:00,1.8,323.13013
"23",2020-04-14 22:00:00,3.8939953,56.30993
"24",2020-04-14 23:00:00,6.489992,70.55996
"25",2020-04-15 00:00:00,7.172949,72.47443
"26",2020-04-15 01:00:00,7.5170207,73.30075
"27",2020-04-15 02:00:00,7.69592,79.2157
"28",2020-04-15 03:00:00,8.311245,85.03026
"29",2020-04-15 04:00:00,8.287822,87.510445
"30",2020-04-15 05:00:00,10.028439,68.96249
"31",2020-04-15 06:00:00,10.514218,51.95294
"32",2020-04-15 07:00:00,10.495713,59.036232
"33",2020-04-15 08:00:00,9.659814,63.43495
"34",2020-04-15 09:00:00,5.6920996,71.56504
"35",2020-04-15 10:00:00,1.8,89.99999
"36",2020-04-15 11:00:00,3.319036,229.39871
"37",2020-04-15 12:00:00,8.089993,249.14554
"38",2020-04-15 13:00:00,13.1041975,254.0546
"39",2020-04-15 14:00:00,16.327497,255.96376
"40",2020-04-15 15:00:00,20.545246,258.88696
"41",2020-04-15 16:00:00,22.91026,261.8699
"42",2020-04-15 17:00:00,25.812277,261.9829
"43",2020-04-15 18:00:00,14.799459,265.8151
"44",2020-04-15 19:00:00,14.205182,261.25385
"45",2020-04-15 20:00:00,12.074766,259.69516
"46",2020-04-15 21:00:00,9.47012,261.25385
"47",2020-04-15 22:00:00,7.172949,252.47443
"48",2020-04-15 23:00:00,5.6920996,251.56506
"49",2020-04-16 00:00:00,3.7585104,253.30075
"50",2020-04-16 01:00:00,3.4152596,251.56506
"51",2020-04-16 02:00:00,3.219938,243.43495
"52",2020-04-16 03:00:00,3.5455887,246.0375
"53",2020-04-16 04:00:00,2.9024127,240.25513
"54",2020-04-16 05:00:00,2.7416782,246.8014
"55",2020-04-16 06:00:00,4.6800003,292.61987
"56",2020-04-16 07:00:00,6.830519,288.43497
"57",2020-04-16 08:00:00,5.495161,301.6075
"58",2020-04-16 09:00:00,8.707238,277.125
"59",2020-04-16 10:00:00,12.24,270
"60",2020-04-16 11:00:00,16.563911,268.75464
"61",2020-04-16 12:00:00,18.448023,264.40067
"62",2020-04-16 13:00:00,21.479666,256.42957
"63",2020-04-16 14:00:00,23.110205,251.84729
"64",2020-04-16 15:00:00,25.537172,248.49857
"65",2020-04-16 16:00:00,25.952478,246.2796
"66",2020-04-16 17:00:00,25.759504,243.43495
"67",2020-04-16 18:00:00,17.298738,257.98853
"68",2020-04-16 19:00:00,17.76081,252.29958
"69",2020-04-16 20:00:00,15.7908325,245.77226
"70",2020-04-16 21:00:00,13.089354,238.49574
"71",2020-04-16 22:00:00,10.739832,230.44034
"72",2020-04-16 23:00:00,9.931042,226.46881
"73",2020-04-17 00:00:00,8.404285,226.73572
"74",2020-04-17 01:00:00,7.7879906,236.30994
"75",2020-04-17 02:00:00,6.9247384,242.10274
"76",2020-04-17 03:00:00,5.8048253,240.25513
"77",2020-04-17 04:00:00,5.495161,238.3925
"78",2020-04-17 05:00:00,5.3999996,233.1301
"79",2020-04-17 06:00:00,9.227524,249.44395
"80",2020-04-17 07:00:00,9,253.7398
"81",2020-04-17 08:00:00,9.107359,251.56506
"82",2020-04-17 09:00:00,13.905509,248.7495
"83",2020-04-17 10:00:00,18.11841,249.04422
"84",2020-04-17 11:00:00,20.523157,248.38522
"85",2020-04-17 12:00:00,21.42227,245.15762
"86",2020-04-17 13:00:00,22.702845,242.6223
"87",2020-04-17 14:00:00,21.924562,240.48851
"88",2020-04-17 15:00:00,24.162947,241.5258
"89",2020-04-17 16:00:00,23.219301,240.25513
"90",2020-04-17 17:00:00,23.188583,242.24146
"91",2020-04-17 18:00:00,18.782204,257.82855
"92",2020-04-17 19:00:00,19.959719,262.74683
"93",2020-04-17 20:00:00,17.698677,265.33313
"94",2020-04-17 21:00:00,14.759999,270
"95",2020-04-17 22:00:00,11.885453,268.26428
"96",2020-04-17 23:00:00,12.682018,263.4802
"97",2020-04-18 00:00:00,11.792404,257.66092
"98",2020-04-18 01:00:00,11.27553,253.30075
"99",2020-04-18 02:00:00,9.904906,250.90651
"100",2020-04-18 03:00:00,8.766573,250.82098
"101",2020-04-18 04:00:00,8.891344,248.62938
"102",2020-04-18 05:00:00,10.30883,245.22485
"103",2020-04-18 06:00:00,16.434305,298.8108
"104",2020-04-18 07:00:00,15.137133,295.3462
"105",2020-04-18 08:00:00,13.779114,289.85522
"106",2020-04-18 09:00:00,14.973576,279.68878
"107",2020-04-18 10:00:00,16.23596,273.8141
"108",2020-04-18 11:00:00,18.0036,268.85425
"109",2020-04-18 12:00:00,18.129137,263.15723
"110",2020-04-18 13:00:00,18.998314,260.1807
"111",2020-04-18 14:00:00,16.862455,253.8866
"112",2020-04-18 15:00:00,17.654688,249.71744
"113",2020-04-18 16:00:00,16.267857,245.1363
"114",2020-04-18 17:00:00,16.58346,242.8787
"115",2020-04-18 18:00:00,20.532627,267.99045
"116",2020-04-18 19:00:00,18.03237,266.56638
"117",2020-04-18 20:00:00,14.205182,261.25385
"118",2020-04-18 21:00:00,13.138765,260.5377
"119",2020-04-18 22:00:00,11.570515,264.64417
"120",2020-04-18 23:00:00,11.159999,270
"121",2020-04-19 00:00:00,10.086427,272.0454
"122",2020-04-19 01:00:00,9.178235,281.30994
"123",2020-04-19 02:00:00,6.725354,285.5241
"124",2020-04-19 03:00:00,6.151683,290.55603
"125",2020-04-19 04:00:00,4.198285,300.96378
"126",2020-04-19 05:00:00,1.2979984,303.69006
"127",2020-04-19 06:00:00,2.1897945,260.5377
"128",2020-04-19 07:00:00,4.452954,255.96376
"129",2020-04-19 08:00:00,4.452954,255.96376
"130",2020-04-19 09:00:00,7.5685663,267.27368
"131",2020-04-19 10:00:00,10.440001,270
"132",2020-04-19 11:00:00,12.620554,266.7295
"133",2020-04-19 12:00:00,13.138765,260.5377
"134",2020-04-19 13:00:00,16.676977,256.26373
"135",2020-04-19 14:00:00,17.418196,251.93953
"136",2020-04-19 15:00:00,19.809813,250.90651
"137",2020-04-19 16:00:00,19.33639,245.82089
"138",2020-04-19 17:00:00,19.966211,244.359
"139",2020-04-19 18:00:00,18.58451,248.4047
"140",2020-04-19 19:00:00,17.193533,250.42688
"141",2020-04-19 20:00:00,14.654254,242.1759
"142",2020-04-19 21:00:00,12.261157,229.76364
"143",2020-04-19 22:00:00,10.195057,222.1376
"144",2020-04-19 23:00:00,8.404285,226.73572
"145",2020-04-20 00:00:00,6.8777895,227.1211
"146",2020-04-20 01:00:00,6.989936,235.49149
"147",2020-04-20 02:00:00,7.24486,243.43495
"148",2020-04-20 03:00:00,8.12197,257.19574
"149",2020-04-20 04:00:00,8.707238,262.875
"150",2020-04-20 05:00:00,9.36,270
"151",2020-04-20 06:00:00,14.417988,272.8624
"152",2020-04-20 07:00:00,11.874544,284.03625
"153",2020-04-20 08:00:00,9.107359,288.43497
"154",2020-04-20 09:00:00,10.24578,288.43494
"155",2020-04-20 10:00:00,12.864649,287.92792
"156",2020-04-20 11:00:00,16.09969,280.30487
"157",2020-04-20 12:00:00,16.700275,277.4314
"158",2020-04-20 13:00:00,18.775301,274.3987
"159",2020-04-20 14:00:00,17.283749,271.19348
"160",2020-04-20 15:00:00,18.733839,267.7974
"161",2020-04-20 16:00:00,17.339897,265.23636
"162",2020-04-20 17:00:00,16.343367,262.40536
"163",2020-04-20 18:00:00,17.651016,258.23172
"164",2020-04-20 19:00:00,17.163355,260.34012
"165",2020-04-20 20:00:00,13.661038,251.56506
"166",2020-04-20 21:00:00,11.753877,242.65013
"167",2020-04-20 22:00:00,10.163227,247.0679
"168",2020-04-20 23:00:00,8.759178,260.5377
"169",2020-04-21 00:00:00,6.130579,266.63354
"170",2020-04-21 01:00:00,5.4119864,273.8141
"171",2020-04-21 02:00:00,5.2416787,285.9454
"172",2020-04-21 03:00:00,6.725354,285.5241
"173",2020-04-21 04:00:00,7.289444,290.22485
"174",2020-04-21 05:00:00,8.049845,296.56506
"175",2020-04-21 06:00:00,7.4128532,299.0546
"176",2020-04-21 07:00:00,7.9036193,300.0686
"177",2020-04-21 08:00:00,6.763786,295.2011
"178",2020-04-21 09:00:00,10.041354,284.53445
"179",2020-04-21 10:00:00,12.074766,280.30487
"180",2020-04-21 11:00:00,16.595179,282.5288
"181",2020-04-21 12:00:00,17.377226,283.17255
"182",2020-04-21 13:00:00,19.13426,281.94418
"183",2020-04-21 14:00:00,18.709612,281.09372
"184",2020-04-21 15:00:00,19.914217,282.5288
"185",2020-04-21 16:00:00,18.161278,283.7608
"186",2020-04-21 17:00:00,17.811815,284.03625
"187",2020-04-21 18:00:00,14.84318,284.03625
"188",2020-04-21 19:00:00,10.086427,272.0454
"189",2020-04-21 20:00:00,6.830519,251.56506
"190",2020-04-21 21:00:00,4.2136917,250.0169
"191",2020-04-21 22:00:00,1.8,233.1301
"192",2020-04-21 23:00:00,0.35999998,180
"193",2020-04-20 00:00:00,9.693296,211.32869
"194",2020-04-20 01:00:00,9,216.8699
"195",2020-04-20 02:00:00,7.653705,221.18593
"196",2020-04-20 03:00:00,7.5942082,238.57043
"197",2020-04-20 04:00:00,8.28,270
"199",2020-04-20 06:00:00,9.726665,272.1211
"200",2020-04-20 07:00:00,8.287822,267.51044
"201",2020-04-20 08:00:00,7.342588,258.69006
"202",2020-04-20 09:00:00,10.086427,267.9546
"203",2020-04-20 10:00:00,10.799999,270
"204",2020-04-20 11:00:00,13.363711,274.63547
"205",2020-04-20 12:00:00,14.799459,274.1849
"206",2020-04-20 13:00:00,17.313717,273.57632
"208",2020-04-20 15:00:00,18.359999,270
"209",2020-04-20 16:00:00,17.313717,266.42368
"210",2020-04-20 17:00:00,17.339897,265.23636
"211",2020-04-20 18:00:00,15.158522,265.91437
"212",2020-04-20 19:00:00,12.245293,245.69547
"213",2020-04-20 20:00:00,11.808878,232.43141
"214",2020-04-20 21:00:00,11.090103,234.24612
"215",2020-04-20 22:00:00,9.085988,236.30994
"216",2020-04-20 23:00:00,6.792466,237.99463
"217",2020-04-21 00:00:00,5.5887027,255.06857
"218",2020-04-21 01:00:00,6.4799995,270
"219",2020-04-21 02:00:00,6.924738,278.97263
"220",2020-04-21 03:00:00,8.209263,285.25513
"221",2020-04-21 04:00:00,8.311245,287.65012
"223",2020-04-21 06:00:00,10.739833,283.57043
"224",2020-04-21 07:00:00,10.390226,284.03625
"225",2020-04-21 08:00:00,9.47012,278.74615
"226",2020-04-21 09:00:00,13.627795,282.20047
"227",2020-04-21 10:00:00,17.555305,285.46124
"228",2020-04-21 11:00:00,19.914217,282.5288
"229",2020-04-21 12:00:00,19.296133,284.03625
"230",2020-04-21 13:00:00,19.562946,282.75754
"231",2020-04-21 14:00:00,18.161278,283.7608
"232",2020-04-21 15:00:00,19.829433,285.80252
"233",2020-04-21 16:00:00,18.1041,287.35403
"234",2020-04-21 17:00:00,16.862455,286.11343
"235",2020-04-21 18:00:00,14.830076,275.5722
"236",2020-04-21 19:00:00,15.893093,283.0919
"237",2020-04-21 20:00:00,10.08,270
"238",2020-04-21 21:00:00,7.208994,267.1376
"239",2020-04-21 22:00:00,4.3349743,265.23636
"240",2020-04-21 23:00:00,2.2768397,288.43497
"241",2020-04-22 00:00:00,1.08,360
"242",2020-04-22 01:00:00,3.6,53.130096
"243",2020-04-22 02:00:00,5.315336,61.699234
"244",2020-04-22 03:00:00,6.297428,59.036255
"245",2020-04-22 04:00:00,7.5942082,58.570435
"246",2020-04-22 05:00:00,7.729527,62.241455
"247",2020-04-22 06:00:00,4.3349743,48.366455
"248",2020-04-22 07:00:00,4.8433046,41.987198
"249",2020-04-22 08:00:00,4.510787,61.38954
"250",2020-04-22 09:00:00,2.2768397,71.56504
"251",2020-04-22 10:00:00,2.0364676,44.999985
"252",2020-04-22 11:00:00,2.16,360
"253",2020-04-22 12:00:00,3.7064266,299.0546
"254",2020-04-22 13:00:00,6.9899354,281.88867
"255",2020-04-22 14:00:00,11.183201,273.6914
"256",2020-04-22 15:00:00,16.56,270
"257",2020-04-22 16:00:00,20.523155,271.0051
"258",2020-04-22 17:00:00,23.042812,270.89517
"259",2020-04-22 18:00:00,11.542478,266.42368
"260",2020-04-22 19:00:00,12.783802,260.27243
"261",2020-04-22 20:00:00,10.446206,268.0251
"262",2020-04-22 21:00:00,5.937272,284.03625
"263",2020-04-22 22:00:00,2.8116899,309.80557
"264",2020-04-22 23:00:00,1.4399999,360
"265",2020-04-23 00:00:00,1.1384199,18.434952
"266",2020-04-23 01:00:00,1.1384199,71.56504
"267",2020-04-23 02:00:00,2.16,89.99999
"268",2020-04-23 03:00:00,2.8799999,89.99999
"269",2020-04-23 04:00:00,2.8799999,89.99999
"270",2020-04-23 05:00:00,3.2599385,96.34019
"271",2020-04-23 06:00:00,4.3498964,114.44395
"272",2020-04-23 07:00:00,4.829907,116.56505
"273",2020-04-23 08:00:00,4.8965297,126.027374
"274",2020-04-23 09:00:00,5.04,180
"275",2020-04-23 10:00:00,6.9527545,201.2505
"276",2020-04-23 11:00:00,10.195057,222.1376
"277",2020-04-23 12:00:00,13.608762,232.52382
"278",2020-04-23 13:00:00,18.03237,243.9465
"279",2020-04-23 14:00:00,20.858265,248.7495
"280",2020-04-23 15:00:00,23.795427,252.38742
"281",2020-04-23 16:00:00,23.688984,253.21736
"282",2020-04-23 17:00:00,22.545315,250.40771
"283",2020-04-23 18:00:00,12.904882,247.01129
"284",2020-04-23 19:00:00,12.55879,242.70044
"285",2020-04-23 20:00:00,10.495713,239.03624
"286",2020-04-23 21:00:00,8.161764,228.57634
"287",2020-04-23 22:00:00,6.638072,220.6013
"288",2020-04-23 23:00:00,4.2136917,199.98311
"289",2020-04-24 00:00:00,3.6179552,174.28941
"290",2020-04-24 01:00:00,3.7064266,150.94539
"291",2020-04-24 02:00:00,4.1046314,142.12502
"292",2020-04-24 03:00:00,3.8268526,131.18591
"293",2020-04-24 04:00:00,3.5455887,113.96249
"294",2020-04-24 05:00:00,3.96,89.99999
"295",2020-04-24 06:00:00,5.3517847,42.27368
"296",2020-04-24 07:00:00,6.1305785,49.76364
"297",2020-04-24 08:00:00,6.489992,70.55996
"298",2020-04-24 09:00:00,4.452954,75.96376
"299",2020-04-24 10:00:00,4.0249224,79.695145
"300",2020-04-24 11:00:00,2.5455842,98.1301
"301",2020-04-24 12:00:00,2.7416782,203.1986
"302",2020-04-24 13:00:00,9.178235,244.44003
"303",2020-04-24 14:00:00,14.759999,257.31964
"304",2020-04-24 15:00:00,19.134262,265.68396
"305",2020-04-24 16:00:00,18.72346,271.1017
"306",2020-04-24 17:00:00,19.469976,273.17984
"307",2020-04-24 18:00:00,5.6920996,251.56506
"308",2020-04-24 19:00:00,9.47012,261.25385
"309",2020-04-24 20:00:00,9.3669195,272.2026
"310",2020-04-24 21:00:00,7.729527,297.75854
"311",2020-04-24 22:00:00,6.696387,323.74615
"312",2020-04-24 23:00:00,6.0347,342.646
"313",2020-04-25 00:00:00,5.04,360
"314",2020-04-25 01:00:00,4.379589,9.462311
"315",2020-04-25 02:00:00,3.6,360
"316",2020-04-25 03:00:00,3.9763298,354.8056
"317",2020-04-25 04:00:00,4.6938252,4.398697
"318",2020-04-25 05:00:00,6.0347,17.35402
"319",2020-04-25 06:00:00,6.9527545,68.7495
"320",2020-04-25 07:00:00,8.049845,63.43495
"321",2020-04-25 08:00:00,7.5942082,58.570435
"322",2020-04-25 09:00:00,4.3349743,48.366455
"323",2020-04-25 10:00:00,2.6208394,74.054596
"324",2020-04-25 11:00:00,1.1384199,161.56505
"325",2020-04-25 12:00:00,3.8939953,213.69006
"326",2020-04-25 13:00:00,9,233.1301
"327",2020-04-25 14:00:00,14.654254,242.1759
"328",2020-04-25 15:00:00,21.629978,251.56506
"329",2020-04-25 16:00:00,22.45315,257.96942
"330",2020-04-25 17:00:00,23.576563,262.98352
"331",2020-04-25 18:00:00,9.605998,257.00537
"332",2020-04-25 19:00:00,12.224107,256.37302
"333",2020-04-25 20:00:00,10.853866,264.28943
"334",2020-04-25 21:00:00,7.5599995,270
"335",2020-04-25 22:00:00,5.0911684,278.1301
"336",2020-04-25 23:00:00,2.5959969,303.69006
"337",2020-04-26 00:00:00,1.484318,14.03624
"338",2020-04-26 01:00:00,1.609969,63.43495
"339",2020-04-26 02:00:00,1.609969,63.43495
"340",2020-04-26 03:00:00,1.8,53.130096
"341",2020-04-26 04:00:00,1.8,36.86989
"342",2020-04-26 05:00:00,1.609969,26.565033
"343",2020-04-26 06:00:00,3.6,360
"344",2020-04-26 07:00:00,3.8773184,338.1986
"345",2020-04-26 08:00:00,2.5455842,315
"346",2020-04-26 09:00:00,6.4799995,270
"347",2020-04-26 10:00:00,10.239453,259.87534
"348",2020-04-26 11:00:00,13.627795,257.79953
"349",2020-04-26 12:00:00,15.815435,258.17853
"350",2020-04-26 13:00:00,19.211996,257.00537
"351",2020-04-26 14:00:00,22.45315,257.96942
"352",2020-04-26 15:00:00,25.582806,256.1593
"353",2020-04-26 16:00:00,25.171696,253.37924
"354",2020-04-26 17:00:00,24.066206,248.03943
"355",2020-04-26 18:00:00,16.267857,245.1363
"356",2020-04-26 19:00:00,14.8257065,240.9454
"357",2020-04-26 20:00:00,12.24,241.92752
"358",2020-04-26 21:00:00,7.5942082,238.57043
"359",2020-04-26 22:00:00,5.1919937,236.30994
"360",2020-04-26 23:00:00,3.563818,225
"361",2020-04-27 00:00:00,3.0547013,225
"362",2020-04-27 01:00:00,2.9024127,240.25513
"363",2020-04-27 02:00:00,2.52,270
"364",2020-04-27 03:00:00,2.16,270
"365",2020-04-27 04:00:00,1.4399999,270
"366",2020-04-27 05:00:00,1.0182338,225
"367",2020-04-27 06:00:00,1.08,180
"368",2020-04-27 07:00:00,1.08,180
"369",2020-04-27 08:00:00,2.2768397,161.56505
"370",2020-04-27 09:00:00,5.0911684,225
"371",2020-04-27 10:00:00,9.19939,239.42078
"372",2020-04-27 11:00:00,13.237039,247.61987
"373",2020-04-27 12:00:00,15.379206,249.44395
"374",2020-04-27 13:00:00,18.455048,249.44395
"375",2020-04-27 14:00:00,21.194187,249.10223
"376",2020-04-27 15:00:00,24.014996,246.12473
"377",2020-04-27 16:00:00,21.178896,238.20108
"378",2020-04-27 17:00:00,20.018072,232.30576
"379",2020-04-27 18:00:00,17.309975,225
"380",2020-04-27 19:00:00,16.831684,221.53177
"381",2020-04-27 20:00:00,14.904173,217.1467
"382",2020-04-27 21:00:00,11.592895,205.76933
"383",2020-04-27 22:00:00,9.114471,189.09027
"384",2020-04-27 23:00:00,7.92,180
"385",2020-04-26 00:00:00,2.52,270
"386",2020-04-26 01:00:00,2.16,270
"387",2020-04-26 02:00:00,1.9386592,291.8014
"388",2020-04-26 03:00:00,2.3051248,308.65982
"389",2020-04-26 04:00:00,2.5455842,315
"391",2020-04-26 06:00:00,2.16,360
"392",2020-04-26 07:00:00,2.1897945,350.5377
"393",2020-04-26 08:00:00,1.08,360
"394",2020-04-26 09:00:00,4.452954,255.96376
"395",2020-04-26 10:00:00,9.178235,258.69006
"396",2020-04-26 11:00:00,13.202726,258.99646
"397",2020-04-26 12:00:00,15.111424,257.61926
"398",2020-04-26 13:00:00,18.947083,255.69974
"399",2020-04-26 14:00:00,21.915693,255.73549
"400",2020-04-26 15:00:00,25.071096,254.16762
"401",2020-04-26 16:00:00,23.132626,249.02652
"402",2020-04-26 17:00:00,23.871555,246.91487
"415",2020-04-27 06:00:00,6.4799995,270
"416",2020-04-27 07:00:00,6.4799995,270
"417",2020-04-27 08:00:00,4.3349743,265.23636
"418",2020-04-27 09:00:00,7.771331,256.6075
"419",2020-04-27 10:00:00,11.090103,256.86597
"420",2020-04-27 11:00:00,14.408997,257.00537
"421",2020-04-27 12:00:00,15.893093,256.9081
"422",2020-04-27 13:00:00,19.0392,254.64987
"423",2020-04-27 14:00:00,20.833395,251.87814
"424",2020-04-27 15:00:00,22.461807,248.36911
"425",2020-04-27 16:00:00,20.00512,239.74356
"426",2020-04-27 17:00:00,19.469976,236.30994
"427",2020-04-27 18:00:00,13.37825,246.19406
"428",2020-04-27 19:00:00,13.237039,247.61987
"429",2020-04-27 20:00:00,11.113451,245.09525
"430",2020-04-27 21:00:00,7.4128532,240.9454
"431",2020-04-27 22:00:00,4.072935,225
"432",2020-04-27 23:00:00,2.6208394,195.9454
"433",2020-04-28 00:00:00,2.6208394,164.0546
"434",2020-04-28 01:00:00,2.0364676,135
"435",2020-04-28 02:00:00,1.9386592,111.80141
"436",2020-04-28 03:00:00,1.8,89.99999
"437",2020-04-28 04:00:00,1.835647,78.69006
"438",2020-04-28 05:00:00,2.968636,75.96376
"439",2020-04-28 06:00:00,1.08,360
"440",2020-04-28 07:00:00,3.7064266,29.05458
"441",2020-04-28 08:00:00,4.3349743,41.63353
"442",2020-04-28 09:00:00,3.219938,26.565033
"443",2020-04-28 10:00:00,1.08,360
"444",2020-04-28 11:00:00,1.835647,258.69006
"445",2020-04-28 12:00:00,4.510787,241.38954
"446",2020-04-28 13:00:00,10.30883,245.22485
"447",2020-04-28 14:00:00,13.1041975,254.0546
"448",2020-04-28 15:00:00,15.745627,259.46082
"449",2020-04-28 16:00:00,16.65754,263.79657
"450",2020-04-28 17:00:00,17.698677,265.33313
"451",2020-04-28 18:00:00,7.072878,255.25644
"452",2020-04-28 19:00:00,8.669949,265.23636
"453",2020-04-28 20:00:00,8.647496,272.38596
"454",2020-04-28 21:00:00,5.6920996,288.43497
"455",2020-04-28 22:00:00,4.3349743,311.63354
"456",2020-04-28 23:00:00,4.198285,329.03625
"457",2020-04-29 00:00:00,4.0249224,333.43497
"458",2020-04-29 01:00:00,4.0249224,333.43497
"459",2020-04-29 02:00:00,3.2399998,360
"460",2020-04-29 03:00:00,3.8939953,33.690063
"461",2020-04-29 04:00:00,4.829907,63.43495
"462",2020-04-29 05:00:00,5.4477882,82.40536
"463",2020-04-29 06:00:00,1.08,89.99999
"464",2020-04-29 07:00:00,4.802999,282.99463
"465",2020-04-29 08:00:00,4.6800003,292.61987
"466",2020-04-29 09:00:00,6.162207,276.70984
"467",2020-04-29 10:00:00,7.208994,267.1376
"468",2020-04-29 11:00:00,9.255571,256.50427
"469",2020-04-29 12:00:00,11.165805,249.22775
"470",2020-04-29 13:00:00,14.118243,250.641
"471",2020-04-29 14:00:00,15.596767,251.14685
"472",2020-04-29 15:00:00,18.511143,256.50427
"473",2020-04-29 16:00:00,19.770523,259.50854
"474",2020-04-29 17:00:00,20.06334,260.7067
"475",2020-04-29 18:00:00,9.793058,252.89728
"476",2020-04-29 19:00:00,9.531505,259.11447
"477",2020-04-29 20:00:00,8.766573,250.82098
"478",2020-04-29 21:00:00,5.315336,241.69925
"479",2020-04-29 22:00:00,3.319036,220.6013
"480",2020-04-29 23:00:00,2.6208394,195.9454
"481",2020-04-30 00:00:00,3.2399998,180
"482",2020-04-30 01:00:00,3.2599385,186.3402
"483",2020-04-30 02:00:00,3.7585104,196.69925
"484",2020-04-30 03:00:00,3.219938,206.56505
"485",2020-04-30 04:00:00,2.4149535,206.56505
"486",2020-04-30 05:00:00,1.484318,165.96376
"487",2020-04-30 06:00:00,8.089993,249.14554
"488",2020-04-30 07:00:00,4.829907,243.43495
"489",2020-04-30 08:00:00,3.0758414,249.44395
"490",2020-04-30 09:00:00,5.8603754,259.38034
"491",2020-04-30 10:00:00,7.771331,256.6075
"492",2020-04-30 11:00:00,10.931203,252.75854
"493",2020-04-30 12:00:00,13.207634,252.55283
"494",2020-04-30 13:00:00,16.394829,250.76932
"495",2020-04-30 14:00:00,16.854767,250.0169
"496",2020-04-30 15:00:00,18.720001,247.38014
"497",2020-04-30 16:00:00,16.58346,242.8787
"498",2020-04-30 17:00:00,16.485485,238.3925
"499",2020-04-30 18:00:00,12.303366,249.44395
"500",2020-04-30 19:00:00,11.165805,249.22775
"501",2020-04-30 20:00:00,9.360001,247.38014
"502",2020-04-30 21:00:00,6.151683,249.44395
"503",2020-04-30 22:00:00,3.8773184,248.1986
"504",2020-04-30 23:00:00,2.0991426,239.03624
"505",2020-05-01 00:00:00,1.1384199,198.43495
"506",2020-05-01 01:00:00,1.484318,194.03624
"507",2020-05-01 02:00:00,1.5273507,225
"508",2020-05-01 03:00:00,1.484318,255.96376
"509",2020-05-01 04:00:00,1.1384199,288.43497
"510",2020-05-01 05:00:00,1.484318,345.96375
"511",2020-05-01 06:00:00,7.491114,305.2176
"512",2020-05-01 07:00:00,6.8777895,312.8789
"513",2020-05-01 08:00:00,5.3517847,317.72632
"514",2020-05-01 09:00:00,7.42159,292.83368
"515",2020-05-01 10:00:00,9.47012,278.74615
"516",2020-05-01 11:00:00,12.964998,271.59113
"517",2020-05-01 12:00:00,14.759999,270
"518",2020-05-01 13:00:00,18.057508,265.4261
"519",2020-05-01 14:00:00,20.929596,266.0548
"520",2020-05-01 15:00:00,23.219301,262.875
"521",2020-05-01 16:00:00,19.734436,255.20325
"522",2020-05-01 17:00:00,17.992796,250.11484
"523",2020-05-01 18:00:00,16.171976,253.17859
"524",2020-05-01 19:00:00,14.799459,251.56506
"525",2020-05-01 20:00:00,13.441071,249.62357
"526",2020-05-01 21:00:00,10.587917,252.18112
"527",2020-05-01 22:00:00,7.072878,255.25644
"528",2020-05-01 23:00:00,5.04,270
"529",2020-05-02 00:00:00,3.671294,281.30994
"530",2020-05-02 01:00:00,3.5455887,293.9625
"531",2020-05-02 02:00:00,4.39436,304.99203
"532",2020-05-02 03:00:00,5.3517847,317.72632
"533",2020-05-02 04:00:00,4.452954,345.96375
"534",2020-05-02 05:00:00,4.1046314,15.255127
"535",2020-05-02 06:00:00,9.3876505,274.3987
"536",2020-05-02 07:00:00,7.5942073,275.44034
"537",2020-05-02 08:00:00,5.0528407,274.08563
"538",2020-05-02 09:00:00,8.64,270
"539",2020-05-02 10:00:00,10.805999,268.09085
"540",2020-05-02 11:00:00,13.32,270
"541",2020-05-02 12:00:00,16.23596,273.8141
"542",2020-05-02 13:00:00,19.09358,272.16107
"543",2020-05-02 14:00:00,19.44,270
"544",2020-05-02 15:00:00,21.316135,265.156
"545",2020-05-02 16:00:00,21.077686,262.14667
"546",2020-05-02 17:00:00,20.774214,261.02737
"547",2020-05-02 18:00:00,15.379206,253.68616
"548",2020-05-02 19:00:00,13.217443,240.64226
"549",2020-05-02 20:00:00,11.983188,237.26477
"550",2020-05-02 21:00:00,7.491114,234.78241
"551",2020-05-02 22:00:00,4.8965297,216.02737
"552",2020-05-02 23:00:00,3.7064266,209.05461
"553",2020-05-03 00:00:00,3.396233,212.00539
"554",2020-05-03 01:00:00,2.7416782,246.8014
"555",2020-05-03 02:00:00,2.9024127,262.875
"556",2020-05-03 03:00:00,2.968636,284.03625
"557",2020-05-03 04:00:00,3.096837,305.5377
"558",2020-05-03 05:00:00,3.319036,319.3987
"559",2020-05-03 06:00:00,3.219938,333.43497
"560",2020-05-03 07:00:00,3.0758414,339.44397
"561",2020-05-03 08:00:00,0,180
"562",2020-05-03 09:00:00,5.4477882,262.40536
"563",2020-05-03 10:00:00,8.473393,257.73523
"564",2020-05-03 11:00:00,11.367109,259.04596
"565",2020-05-03 12:00:00,12.429127,259.992
"566",2020-05-03 13:00:00,18.057508,265.4261
"567",2020-05-03 14:00:00,19.201874,263.5412
"568",2020-05-03 15:00:00,21.129885,261.17963
"569",2020-05-03 16:00:00,19.914217,257.4712
"570",2020-05-03 17:00:00,16.42247,243.99666
"571",2020-05-03 18:00:00,13.18308,235.00798
"572",2020-05-03 19:00:00,12.88981,234.09029
"573",2020-05-03 20:00:00,11.304229,232.76517
"574",2020-05-03 21:00:00,7.8954163,226.84761
"575",2020-05-03 22:00:00,4.8965297,216.02737
"576",2020-05-03 23:00:00,2.7416782,203.1986
"577",2020-05-04 00:00:00,1.4399999,180
"578",2020-05-04 01:00:00,0.35999998,180
"579",2020-05-04 02:00:00,0.35999998,360
"580",2020-05-04 03:00:00,1.8,360
"581",2020-05-04 04:00:00,2.5455842,8.130096
"582",2020-05-04 05:00:00,5.8603754,10.619659
"583",2020-05-04 06:00:00,5.8603754,10.619659
"584",2020-05-04 07:00:00,6.151683,20.556046
"585",2020-05-04 08:00:00,3.8939953,56.30993
"586",2020-05-04 09:00:00,0,180
"587",2020-05-04 10:00:00,3.5455887,246.0375
"588",2020-05-04 11:00:00,7.342588,258.69006
"589",2020-05-04 12:00:00,11.212135,264.47247
"590",2020-05-04 13:00:00,16.923828,271.21887
"591",2020-05-04 14:00:00,19.083395,271.08093
"592",2020-05-04 15:00:00,21.599998,270
"593",2020-05-04 16:00:00,20.880001,270
"594",2020-05-04 17:00:00,19.110542,266.7603
"595",2020-05-04 18:00:00,14.145756,255.25644
"596",2020-05-04 19:00:00,11.298495,247.52057
"597",2020-05-04 20:00:00,7.289444,249.77515
"598",2020-05-04 21:00:00,0.8049845,243.43495
"599",2020-05-04 22:00:00,3.2599385,83.65981
"600",2020-05-04 23:00:00,4.6938252,85.60129
"601",2020-05-05 00:00:00,4.802999,77.00538
"602",2020-05-05 01:00:00,4.802999,77.00538
"603",2020-05-05 02:00:00,5.1544156,77.905235
"604",2020-05-05 03:00:00,5.506941,78.69006
"605",2020-05-05 04:00:00,5.8048253,82.874985
"606",2020-05-05 05:00:00,7.928178,92.602554
"607",2020-05-05 06:00:00,8.311245,94.96974
"608",2020-05-05 07:00:00,9.3669195,92.2026
"609",2020-05-05 08:00:00,9.0645685,96.84277
"610",2020-05-05 09:00:00,4.8965297,126.027374
"611",2020-05-05 10:00:00,4.6938252,175.60129
"612",2020-05-05 11:00:00,7.2,216.8699
"613",2020-05-05 12:00:00,10.514218,231.95296
"614",2020-05-05 13:00:00,14.168641,242.78389
"615",2020-05-05 14:00:00,18.331741,250.49756
"616",2020-05-05 15:00:00,21.566975,255.49983
"617",2020-05-05 16:00:00,22.530937,257.074
"618",2020-05-05 17:00:00,20.620806,253.77982
"619",2020-05-05 18:00:00,10.163227,247.0679
"620",2020-05-05 19:00:00,10.636766,246.0375
"621",2020-05-05 20:00:00,8.427383,250.0169
"622",2020-05-05 21:00:00,4.2136917,250.0169
"623",2020-05-05 22:00:00,1.08,180
"624",2020-05-05 23:00:00,1.835647,101.30993
"625",2020-05-06 00:00:00,1.8,89.99999
"626",2020-05-06 01:00:00,2.968636,75.96376
"627",2020-05-06 02:00:00,4.32,89.99999
"628",2020-05-06 03:00:00,5.3999996,89.99999
"629",2020-05-06 04:00:00,6.519877,96.34019
"630",2020-05-06 05:00:00,6.87779,96.009
"631",2020-05-06 06:00:00,2.52,89.99999
"632",2020-05-06 07:00:00,3.2399998,89.99999
"633",2020-05-06 08:00:00,3.396233,122.00538
"634",2020-05-06 09:00:00,4.379589,189.46233
"635",2020-05-06 10:00:00,7.42159,202.83365
"636",2020-05-06 11:00:00,11.808878,217.5686
"637",2020-05-06 12:00:00,15.30741,221.18593
"638",2020-05-06 13:00:00,18.668005,230.47737
"639",2020-05-06 14:00:00,19.878391,234.58295
"640",2020-05-06 15:00:00,23.510508,244.61209
"641",2020-05-06 16:00:00,24.675106,246.8014
"642",2020-05-06 17:00:00,23.871555,246.91487
"643",2020-05-06 18:00:00,13.089354,238.49574
"644",2020-05-06 19:00:00,13.392774,233.74615
"645",2020-05-06 20:00:00,11.720751,227.48956
"646",2020-05-06 21:00:00,9.085988,213.69006
"647",2020-05-06 22:00:00,7.42159,194.03624
"648",2020-05-06 23:00:00,7.2,180
"649",2020-05-07 00:00:00,6.379216,163.61046
"650",2020-05-07 01:00:00,6.297428,149.03624
"651",2020-05-07 02:00:00,6.3690495,137.2906
"652",2020-05-07 03:00:00,6.1305785,130.23636
"653",2020-05-07 04:00:00,5.904439,127.56859
"654",2020-05-07 05:00:00,5.3999996,126.869896
"655",2020-05-07 06:00:00,0.8049845,206.56505
"656",2020-05-07 07:00:00,2.5959969,213.69006
"657",2020-05-07 08:00:00,2.9024127,187.12502
"658",2020-05-07 09:00:00,6.3690495,222.7094
"659",2020-05-07 10:00:00,9.793059,233.97263
"660",2020-05-07 11:00:00,13.53236,241.38954
"661",2020-05-07 12:00:00,15.94601,241.69925
"662",2020-05-07 13:00:00,19.022177,240.52411
"663",2020-05-07 14:00:00,20.188908,238.86102
"664",2020-05-07 15:00:00,21.794127,239.19855
"665",2020-05-07 16:00:00,22.415602,240.14099
"666",2020-05-07 17:00:00,21.794127,239.19855
"667",2020-05-07 18:00:00,13.0447235,242.02054
"668",2020-05-07 19:00:00,12.074766,243.43495
"669",2020-05-07 20:00:00,9.826088,241.55707
"670",2020-05-07 21:00:00,6.638072,229.39871
"671",2020-05-07 22:00:00,4.8965297,216.02737
"672",2020-05-07 23:00:00,3.319036,192.52881
"673",2020-05-08 00:00:00,3.2399998,180
"674",2020-05-08 01:00:00,3.2399998,180
"675",2020-05-08 02:00:00,3.6,180
"676",2020-05-08 03:00:00,3.9763298,185.19443
"677",2020-05-08 04:00:00,3.319036,192.52881
"678",2020-05-08 05:00:00,3.2399998,180
"679",2020-05-08 06:00:00,6.12,208.0725
"680",2020-05-08 07:00:00,2.52,180
"681",2020-05-08 08:00:00,2.16,180
"682",2020-05-08 09:00:00,6.1094027,225
"683",2020-05-08 10:00:00,9,233.1301
"684",2020-05-08 11:00:00,13.0447235,242.02054
"685",2020-05-08 12:00:00,16.45007,246.8014
"686",2020-05-08 13:00:00,20.60823,250.61548
"687",2020-05-08 14:00:00,21.407139,250.34618
"688",2020-05-08 15:00:00,23.806318,249.64677
"689",2020-05-08 16:00:00,22.79684,248.70264
"690",2020-05-08 17:00:00,20.858265,248.7495
"691",2020-05-08 18:00:00,12.7279215,241.26021
"692",2020-05-08 19:00:00,11.503113,249.86371
"693",2020-05-08 20:00:00,9.9571085,257.4712
"694",2020-05-08 21:00:00,6.0347,252.64598
"695",2020-05-08 22:00:00,3.096837,234.46233
"696",2020-05-08 23:00:00,3.396233,212.00539
"697",2020-05-09 00:00:00,4.8965297,216.02737
"698",2020-05-09 01:00:00,5.3517847,222.27368
"699",2020-05-09 02:00:00,5.1165614,219.28941
"700",2020-05-09 03:00:00,4.198285,210.96376
"701",2020-05-09 04:00:00,3.0758414,200.55605
"702",2020-05-09 05:00:00,1.484318,194.03624
"703",2020-05-09 06:00:00,7.172949,252.47443
"704",2020-05-09 07:00:00,4.452954,255.96376
"705",2020-05-09 08:00:00,3.5455887,246.0375
"706",2020-05-09 09:00:00,5.1919937,236.30994
"707",2020-05-09 10:00:00,7.9036193,239.93141
"708",2020-05-09 11:00:00,11.91812,244.98311
"709",2020-05-09 12:00:00,14.578888,249.77515
"710",2020-05-09 13:00:00,18.556595,251.91656
"711",2020-05-09 14:00:00,19.13426,258.05585
"712",2020-05-09 15:00:00,19.13426,258.05585
"713",2020-05-09 16:00:00,18.161278,256.23923
"714",2020-05-09 17:00:00,18,253.7398
"715",2020-05-09 18:00:00,11.631956,248.1986
"716",2020-05-09 19:00:00,11.631956,248.1986
"717",2020-05-09 20:00:00,10.587917,252.18112
"718",2020-05-09 21:00:00,8.311245,252.34988
"719",2020-05-09 22:00:00,5.95906,244.98311
"720",2020-05-09 23:00:00,3.7064266,240.9454
"721",2020-05-10 00:00:00,3.396233,212.00539
"722",2020-05-10 01:00:00,4.39436,214.99202
"723",2020-05-10 02:00:00,5.6002855,225
"724",2020-05-10 03:00:00,6.3690495,227.29062
"725",2020-05-10 04:00:00,5.8603754,222.51045
"726",2020-05-10 05:00:00,4.1046314,217.87498
"727",2020-05-10 06:00:00,7.5170207,253.30075
"728",2020-05-10 07:00:00,6.2145634,259.992
"729",2020-05-10 08:00:00,7.42159,255.96376
"730",2020-05-10 09:00:00,10.390226,255.96376
"731",2020-05-10 10:00:00,10.137692,253.49564
"732",2020-05-10 11:00:00,11.841756,250.46335
"733",2020-05-10 12:00:00,14.458382,251.11392
"734",2020-05-10 13:00:00,19.353138,251.56506
"735",2020-05-10 14:00:00,20.948164,250.94229
"736",2020-05-10 15:00:00,22.930048,247.8645
"737",2020-05-10 16:00:00,20.774214,242.10274
"738",2020-05-10 17:00:00,19.770523,236.88866
"739",2020-05-10 18:00:00,14.168641,242.78389
"740",2020-05-10 19:00:00,13.049689,245.55606
"741",2020-05-10 20:00:00,10.787993,244.29004
"742",2020-05-10 21:00:00,9.659814,243.43495
"743",2020-05-10 22:00:00,9,233.1301
"744",2020-05-10 23:00:00,8.209263,232.12502
"745",2020-05-11 00:00:00,5.6233797,230.19443
"746",2020-05-11 01:00:00,4.3498964,245.55606
"747",2020-05-11 02:00:00,4.896529,252.89728
"748",2020-05-11 03:00:00,4.802999,257.00537
"749",2020-05-11 04:00:00,5.5887027,255.06857
"750",2020-05-11 05:00:00,6.489992,250.55997
"751",2020-05-11 06:00:00,11.013882,258.69006
"752",2020-05-11 07:00:00,8.759178,260.5377
"753",2020-05-11 08:00:00,7.6367526,261.8699
"754",2020-05-11 09:00:00,9.3876505,265.6013
"755",2020-05-11 10:00:00,9.746631,265.7636
"756",2020-05-11 11:00:00,13.493999,260.78897
"757",2020-05-11 12:00:00,16.039202,260.9605
"758",2020-05-11 13:00:00,18.511143,256.50427
"759",2020-05-11 14:00:00,18.448023,252.97949
"760",2020-05-11 15:00:00,19.721298,248.58704
"761",2020-05-11 16:00:00,17.238699,241.29405
"762",2020-05-11 17:00:00,15.815435,228.69138
"763",2020-05-11 18:00:00,14.291592,220.91438
"764",2020-05-11 19:00:00,14.565548,219.9869
"765",2020-05-11 20:00:00,13.779114,213.27489
"766",2020-05-11 21:00:00,11.753877,207.34988
"767",2020-05-11 22:00:00,9.904906,199.09349
"768",2020-05-11 23:00:00,8.089993,200.85446
