"","timestamp","Corral.de.Barrancas.Wind.Speed..80.m.","Corral.de.Barrancas.Wind.Direction..80.m."
"1",2020-04-14 00:00:00,17.106628,98.471146
"2",2020-04-14 01:00:00,15.5843,96.632515
"3",2020-04-14 02:00:00,13.797912,97.49586
"4",2020-04-14 03:00:00,12.783802,99.72758
"5",2020-04-14 04:00:00,11.013882,101.30993
"6",2020-04-14 05:00:00,9.885262,100.49147
"7",2020-04-14 06:00:00,8.350138,97.431404
"8",2020-04-14 07:00:00,7.928178,92.602554
"9",2020-04-14 08:00:00,6.8399997,89.99999
"10",2020-04-14 09:00:00,6.12,89.99999
"11",2020-04-14 10:00:00,5.4477882,97.59464
"12",2020-04-14 11:00:00,5.2416787,105.9454
"13",2020-04-14 12:00:00,5.154415,114.77514
"14",2020-04-14 13:00:00,5.95906,115.01689
"15",2020-04-14 14:00:00,7.5942082,121.429565
"16",2020-04-14 15:00:00,9.19939,120.57922
"17",2020-04-14 16:00:00,10.630672,118.30075
"18",2020-04-14 17:00:00,14.182355,113.96249
"19",2020-04-14 18:00:00,17.873554,108.79989
"20",2020-04-14 19:00:00,22.530937,102.925995
"21",2020-04-14 20:00:00,23.623243,97.883125
"22",2020-04-14 21:00:00,24.546085,94.20535
"23",2020-04-14 22:00:00,22.319998,89.99999
"24",2020-04-14 23:00:00,22.782625,84.55967
"25",2020-04-15 00:00:00,20.833395,80.04937
"26",2020-04-15 01:00:00,20.780453,75.96376
"27",2020-04-15 02:00:00,20.176065,74.47588
"28",2020-04-15 03:00:00,19.93048,73.20163
"29",2020-04-15 04:00:00,18.331741,70.49754
"30",2020-04-15 05:00:00,17.782688,68.62937
"31",2020-04-15 06:00:00,16.645864,68.42869
"32",2020-04-15 07:00:00,15.175612,67.693794
"33",2020-04-15 08:00:00,12.287555,58.17256
"34",2020-04-15 09:00:00,13.237039,67.61986
"35",2020-04-15 10:00:00,12.758432,73.61045
"36",2020-04-15 11:00:00,13.084402,82.092834
"37",2020-04-15 12:00:00,12.979984,93.179825
"38",2020-04-15 13:00:00,12.849528,101.30993
"39",2020-04-15 14:00:00,12.57426,103.24051
"40",2020-04-15 15:00:00,13.358861,104.03624
"41",2020-04-15 16:00:00,13.276144,102.52881
"42",2020-04-15 17:00:00,13.910169,100.43748
"43",2020-04-15 18:00:00,12.496719,101.63363
"44",2020-04-15 19:00:00,13.039754,96.34019
"45",2020-04-15 20:00:00,13.202726,101.00354
"46",2020-04-15 21:00:00,15.496736,92.662994
"47",2020-04-15 22:00:00,16.23596,93.81408
"48",2020-04-15 23:00:00,17.015474,96.07246
"49",2020-04-16 00:00:00,15.986595,97.76516
"50",2020-04-16 01:00:00,14.830076,95.5722
"51",2020-04-16 02:00:00,12.964998,91.59113
"52",2020-04-16 03:00:00,11.525623,88.21008
"53",2020-04-16 04:00:00,10.464798,86.05482
"54",2020-04-16 05:00:00,10.239453,79.87532
"55",2020-04-16 06:00:00,9.9571085,77.47118
"56",2020-04-16 07:00:00,10.182337,81.869896
"57",2020-04-16 08:00:00,11.525623,75.52971
"58",2020-04-16 09:00:00,10.495713,84.09385
"59",2020-04-16 10:00:00,10.086427,92.0454
"60",2020-04-16 11:00:00,10.594036,99.7824
"61",2020-04-16 12:00:00,10.829958,111.44774
"62",2020-04-16 13:00:00,11.440979,114.14554
"63",2020-04-16 14:00:00,11.753877,117.34987
"64",2020-04-16 15:00:00,13.363711,117.255325
"65",2020-04-16 16:00:00,13.70839,119.9315
"66",2020-04-16 17:00:00,14.20062,120.465546
"67",2020-04-16 18:00:00,14.48972,116.56505
"68",2020-04-16 19:00:00,16.516901,106.460014
"69",2020-04-16 20:00:00,15.629972,97.943474
"70",2020-04-16 21:00:00,17.294992,87.61405
"71",2020-04-16 22:00:00,16.203999,88.72697
"72",2020-04-16 23:00:00,15.496736,92.662994
"73",2020-04-17 00:00:00,14.154915,97.305756
"74",2020-04-17 01:00:00,12.9249525,102.87499
"75",2020-04-17 02:00:00,11.631956,111.80141
"76",2020-04-17 03:00:00,10.383987,123.69006
"77",2020-04-17 04:00:00,10.195057,137.8624
"78",2020-04-17 05:00:00,8.854829,153.43495
"79",2020-04-17 06:00:00,5.4119864,176.18593
"80",2020-04-17 07:00:00,4.0249224,190.30484
"81",2020-04-17 08:00:00,5.1165614,219.28941
"82",2020-04-17 09:00:00,5.692099,214.69516
"83",2020-04-17 10:00:00,6.193674,215.53769
"84",2020-04-17 11:00:00,6.638072,220.6013
"85",2020-04-17 12:00:00,6.1305785,220.23636
"86",2020-04-17 13:00:00,6.8777895,222.8789
"87",2020-04-17 14:00:00,7.386582,223.02507
"88",2020-04-17 15:00:00,6.4096174,218.15723
"89",2020-04-17 16:00:00,5.1544156,192.09476
"90",2020-04-17 17:00:00,7.289444,159.77515
"91",2020-04-17 18:00:00,10.383987,146.30994
"92",2020-04-17 19:00:00,14.904173,127.14668
"93",2020-04-17 20:00:00,17.709658,63.43495
"94",2020-04-17 21:00:00,15.137133,64.65382
"95",2020-04-17 22:00:00,14.021525,60.802513
"96",2020-04-17 23:00:00,15.2947035,63.43495
"97",2020-04-18 00:00:00,15.175612,67.693794
"98",2020-04-18 01:00:00,15.937878,71.56504
"99",2020-04-18 02:00:00,13.237039,67.61986
"100",2020-04-18 03:00:00,11.298495,67.52056
"101",2020-04-18 04:00:00,9.360001,67.380135
"102",2020-04-18 05:00:00,7.628263,70.70995
"103",2020-04-18 06:00:00,6.9899354,78.11134
"104",2020-04-18 07:00:00,7.2,89.99999
"105",2020-04-18 08:00:00,7.9526596,95.19443
"106",2020-04-18 09:00:00,7.6367526,98.1301
"107",2020-04-18 10:00:00,8.287822,124.38034
"108",2020-04-18 11:00:00,8.287822,145.61966
"109",2020-04-18 12:00:00,7.2805495,171.46924
"110",2020-04-18 13:00:00,7.8625183,195.9454
"111",2020-04-18 14:00:00,9.693296,211.32869
"112",2020-04-18 15:00:00,11.808878,217.5686
"113",2020-04-18 16:00:00,13.684735,215.36246
"114",2020-04-18 17:00:00,14.4,216.8699
"115",2020-04-18 18:00:00,15.30741,221.18593
"116",2020-04-18 19:00:00,14.84318,219.09386
"117",2020-04-18 20:00:00,9.449572,139.63547
"118",2020-04-18 21:00:00,16.904673,116.56505
"119",2020-04-18 22:00:00,19.469976,123.69006
"120",2020-04-18 23:00:00,18.335276,133.40886
"121",2020-04-19 00:00:00,13.363711,152.74467
"122",2020-04-19 01:00:00,10.028439,201.0375
"123",2020-04-19 02:00:00,14.408997,257.00537
"124",2020-04-19 03:00:00,25.233406,284.03625
"125",2020-04-19 04:00:00,30.018473,292.56702
"126",2020-04-19 05:00:00,33.190357,294.3411
"127",2020-04-19 06:00:00,28.079998,292.61987
"128",2020-04-19 07:00:00,23.795427,287.61258
"129",2020-04-19 08:00:00,16.73516,288.8247
"130",2020-04-19 09:00:00,12.522619,288.43497
"131",2020-04-19 10:00:00,14.039999,292.61987
"132",2020-04-19 11:00:00,14.689589,287.10272
"133",2020-04-19 12:00:00,16.65754,276.20346
"134",2020-04-19 13:00:00,18.359999,270
"135",2020-04-19 14:00:00,19.803272,271.04163
"136",2020-04-19 15:00:00,20.172853,272.0454
"137",2020-04-19 16:00:00,20.532627,272.00955
"138",2020-04-19 17:00:00,20.957443,274.92712
"139",2020-04-19 18:00:00,20.633371,276.009
"140",2020-04-19 19:00:00,18.844202,276.58194
"141",2020-04-19 20:00:00,14.182355,293.9625
"142",2020-04-19 21:00:00,9.19939,329.42078
"143",2020-04-19 22:00:00,5.506941,11.309921
"144",2020-04-19 23:00:00,4.3349743,48.366455
"145",2020-04-20 00:00:00,4.0249224,79.695145
"146",2020-04-20 01:00:00,5.3999996,89.99999
"147",2020-04-20 02:00:00,5.3999996,89.99999
"148",2020-04-20 03:00:00,6.489992,86.82017
"149",2020-04-20 04:00:00,6.849467,86.98721
"150",2020-04-20 05:00:00,6.849467,86.98721
"151",2020-04-20 06:00:00,6.130579,86.63353
"152",2020-04-20 07:00:00,5.04,89.99999
"153",2020-04-20 08:00:00,1.0182338,315
"154",2020-04-20 09:00:00,1.8,270
"155",2020-04-20 10:00:00,3.096837,215.53769
"156",2020-04-20 11:00:00,5.1919937,213.69006
"157",2020-04-20 12:00:00,6.489992,213.69006
"158",2020-04-20 13:00:00,7.9932966,234.16235
"159",2020-04-20 14:00:00,10.30883,245.22485
"160",2020-04-20 15:00:00,11.966953,248.83875
"161",2020-04-20 16:00:00,12.864649,252.07208
"162",2020-04-20 17:00:00,12.661564,255.17352
"163",2020-04-20 18:00:00,11.720751,259.38034
"164",2020-04-20 19:00:00,10.853866,264.28943
"165",2020-04-20 20:00:00,8.654987,315
"166",2020-04-20 21:00:00,3.96,360
"167",2020-04-20 22:00:00,3.8773184,68.19859
"168",2020-04-20 23:00:00,5.4477882,97.59464
"169",2020-04-21 00:00:00,6.489992,109.44003
"170",2020-04-21 01:00:00,6.9247384,117.89726
"171",2020-04-21 02:00:00,7.289445,122.90524
"172",2020-04-21 03:00:00,9.178235,131.82016
"173",2020-04-21 04:00:00,10.233123,140.71059
"174",2020-04-21 05:00:00,10.1887,147.99461
"175",2020-04-21 06:00:00,8.373386,154.53665
"176",2020-04-21 07:00:00,6.28713,166.75948
"177",2020-04-21 08:00:00,3.2599385,186.3402
"178",2020-04-21 09:00:00,2.0991426,239.03624
"179",2020-04-21 10:00:00,1.08,270
"180",2020-04-21 11:00:00,1.08,180
"181",2020-04-21 12:00:00,2.4149535,153.43495
"182",2020-04-21 13:00:00,4.6938257,147.52881
"183",2020-04-21 14:00:00,6.489992,160.55997
"184",2020-04-21 15:00:00,7.42159,165.96376
"185",2020-04-21 16:00:00,8.4042845,170.13419
"186",2020-04-21 17:00:00,9.107359,161.56505
"187",2020-04-21 18:00:00,9.826088,151.55707
"188",2020-04-21 19:00:00,10.703569,132.27368
"189",2020-04-21 20:00:00,12.303366,110.556046
"190",2020-04-21 21:00:00,13.797912,97.49586
"191",2020-04-21 22:00:00,12.964998,91.59113
"192",2020-04-21 23:00:00,13.679999,89.99999
"193",2020-04-20 00:00:00,4.8965297,53.97262
"194",2020-04-20 01:00:00,3.8773184,68.19859
"195",2020-04-20 02:00:00,2.9024127,82.874985
"196",2020-04-20 03:00:00,2.16,89.99999
"197",2020-04-20 04:00:00,1.609969,63.43495
"198",2020-04-20 05:00:00,1.5273507,44.999985
"199",2020-04-20 06:00:00,1.9386592,21.801407
"201",2020-04-20 08:00:00,2.6208394,105.9454
"202",2020-04-20 09:00:00,0.71999997,180
"203",2020-04-20 10:00:00,0.71999997,180
"204",2020-04-20 11:00:00,3.6,180
"205",2020-04-20 12:00:00,5.315336,208.30077
"206",2020-04-20 13:00:00,7.7879906,236.30994
"207",2020-04-20 14:00:00,10.636766,246.0375
"208",2020-04-20 15:00:00,13.32,251.07536
"209",2020-04-20 16:00:00,14.408997,257.00537
"210",2020-04-20 17:00:00,13.797912,262.50415
"211",2020-04-20 18:00:00,12.964998,268.40887
"212",2020-04-20 19:00:00,11.901798,273.46823
"213",2020-04-20 20:00:00,8.905908,284.03625
"214",2020-04-20 21:00:00,4.6938257,302.4712
"215",2020-04-20 22:00:00,2.52,360
"216",2020-04-20 23:00:00,4.0249224,63.43495
"217",2020-04-21 00:00:00,5.8048253,82.874985
"218",2020-04-21 01:00:00,6.4799995,89.99999
"219",2020-04-21 02:00:00,7.072878,104.74355
"220",2020-04-21 03:00:00,7.5942082,121.429565
"221",2020-04-21 04:00:00,8.161764,138.57634
"222",2020-04-21 05:00:00,8.217153,151.18921
"223",2020-04-21 06:00:00,7.072878,165.25644
"225",2020-04-21 08:00:00,4.1046314,195.25513
"226",2020-04-21 09:00:00,4.0249224,206.56505
"227",2020-04-21 10:00:00,3.7585104,196.69925
"228",2020-04-21 11:00:00,3.0758414,200.55605
"229",2020-04-21 12:00:00,3.9763298,185.19443
"230",2020-04-21 13:00:00,5.8048253,172.87498
"231",2020-04-21 14:00:00,6.849467,176.98721
"232",2020-04-21 15:00:00,7.5942073,174.55966
"233",2020-04-21 16:00:00,8.473393,167.73523
"234",2020-04-21 17:00:00,10.144082,152.52557
"235",2020-04-21 18:00:00,12.096214,143.47115
"236",2020-04-21 19:00:00,15.30741,131.18591
"237",2020-04-21 20:00:00,11.304229,80.83765
"238",2020-04-21 21:00:00,13.627795,77.79953
"239",2020-04-21 22:00:00,11.367109,79.04594
"240",2020-04-21 23:00:00,11.212135,84.47246
"241",2020-04-22 00:00:00,11.159999,89.99999
"242",2020-04-22 01:00:00,12.015589,98.61565
"243",2020-04-22 02:00:00,11.631956,111.80141
"244",2020-04-22 03:00:00,10.296251,126.46923
"245",2020-04-22 04:00:00,8.891343,148.24051
"246",2020-04-22 05:00:00,6.4799995,180
"247",2020-04-22 06:00:00,5.6233797,230.19443
"248",2020-04-22 07:00:00,10.105681,265.91437
"249",2020-04-22 08:00:00,13.910169,280.43747
"250",2020-04-22 09:00:00,10.823973,273.8141
"251",2020-04-22 10:00:00,13.896187,286.55707
"252",2020-04-22 11:00:00,18.089775,301.1593
"253",2020-04-22 12:00:00,17.555307,298.1416
"254",2020-04-22 13:00:00,17.76081,287.70044
"255",2020-04-22 14:00:00,18.486622,276.70984
"256",2020-04-22 15:00:00,19.803272,271.04163
"257",2020-04-22 16:00:00,21.24305,269.029
"258",2020-04-22 17:00:00,23.4,270
"259",2020-04-22 18:00:00,24.490587,271.6847
"260",2020-04-22 19:00:00,23.78453,272.60257
"261",2020-04-22 20:00:00,14.77755,272.79272
"262",2020-04-22 21:00:00,10.308831,257.90524
"263",2020-04-22 22:00:00,10.787993,244.29004
"264",2020-04-22 23:00:00,14.404499,271.4321
"265",2020-04-23 00:00:00,21.068459,303.147
"266",2020-04-23 01:00:00,33.061253,324.75244
"267",2020-04-23 02:00:00,30.267845,333.1302
"268",2020-04-23 03:00:00,24.735432,338.66315
"269",2020-04-23 04:00:00,19.469975,340.55997
"270",2020-04-23 05:00:00,18.35647,334.44003
"271",2020-04-23 06:00:00,15.990646,328.81503
"272",2020-04-23 07:00:00,15.408671,322.59467
"273",2020-04-23 08:00:00,13.207634,287.4472
"274",2020-04-23 09:00:00,9.0645685,276.84277
"275",2020-04-23 10:00:00,8.669949,274.76364
"276",2020-04-23 11:00:00,7.5685663,295.3462
"277",2020-04-23 12:00:00,7.072878,284.74356
"278",2020-04-23 13:00:00,7.9526596,275.19443
"279",2020-04-23 14:00:00,9.114471,279.09027
"280",2020-04-23 15:00:00,10.538843,277.85333
"281",2020-04-23 16:00:00,10.8955765,277.59464
"282",2020-04-23 17:00:00,11.966953,276.91122
"283",2020-04-23 18:00:00,13.004921,274.76364
"284",2020-04-23 19:00:00,13.004921,274.76364
"285",2020-04-23 20:00:00,11.631956,291.8014
"286",2020-04-23 21:00:00,7.754637,291.8014
"287",2020-04-23 22:00:00,4.2136917,289.98312
"288",2020-04-23 23:00:00,2.8799999,270
"289",2020-04-24 00:00:00,2.5959969,236.30994
"290",2020-04-24 01:00:00,1.8,233.1301
"291",2020-04-24 02:00:00,2.1897945,260.5377
"292",2020-04-24 03:00:00,3.96,270
"293",2020-04-24 04:00:00,5.4119864,273.8141
"294",2020-04-24 05:00:00,6.87779,276.009
"295",2020-04-24 06:00:00,7.2359104,275.7106
"296",2020-04-24 07:00:00,7.928178,272.60257
"297",2020-04-24 08:00:00,7.5942073,275.44034
"298",2020-04-24 09:00:00,9,270
"299",2020-04-24 10:00:00,8.64,270
"300",2020-04-24 11:00:00,11.966953,291.16125
"301",2020-04-24 12:00:00,13.905509,291.2505
"302",2020-04-24 13:00:00,14.759999,282.6804
"303",2020-04-24 14:00:00,16.09969,280.30487
"304",2020-04-24 15:00:00,16.87398,281.0702
"305",2020-04-24 16:00:00,16.327497,284.03625
"306",2020-04-24 17:00:00,15.281989,285.01837
"307",2020-04-24 18:00:00,13.450708,285.5241
"308",2020-04-24 19:00:00,11.726277,287.8787
"309",2020-04-24 20:00:00,7.928177,320.52753
"310",2020-04-24 21:00:00,5.8048253,352.875
"311",2020-04-24 22:00:00,4.198285,30.963745
"312",2020-04-24 23:00:00,4.0249224,63.43495
"313",2020-04-25 00:00:00,5.0142193,68.96249
"314",2020-04-25 01:00:00,7.968939,71.56504
"315",2020-04-25 02:00:00,10.966713,66.8014
"316",2020-04-25 03:00:00,13.0447235,62.020523
"317",2020-04-25 04:00:00,15.379206,69.443954
"318",2020-04-25 05:00:00,15.716793,69.90477
"319",2020-04-25 06:00:00,14.917212,70.25316
"320",2020-04-25 07:00:00,15.484185,72.40757
"321",2020-04-25 08:00:00,15.379206,57.425934
"322",2020-04-25 09:00:00,14.81259,64.05769
"323",2020-04-25 10:00:00,14.707222,68.45902
"324",2020-04-25 11:00:00,14.24163,69.274445
"325",2020-04-25 12:00:00,13.441071,69.62356
"326",2020-04-25 13:00:00,14.24163,69.274445
"327",2020-04-25 14:00:00,12.904882,67.011284
"328",2020-04-25 15:00:00,12.904882,67.011284
"329",2020-04-25 16:00:00,11.966953,68.83874
"330",2020-04-25 17:00:00,13.896187,73.442924
"331",2020-04-25 18:00:00,13.358861,75.96376
"332",2020-04-25 19:00:00,14.917212,81.67435
"333",2020-04-25 20:00:00,12.015589,81.38435
"334",2020-04-25 21:00:00,13.358861,75.96376
"335",2020-04-25 22:00:00,15.725037,74.054596
"336",2020-04-25 23:00:00,17.193533,70.426865
"337",2020-04-26 00:00:00,15.463246,65.22487
"338",2020-04-26 01:00:00,14.973577,62.818893
"339",2020-04-26 02:00:00,13.849477,62.102737
"340",2020-04-26 03:00:00,14.512064,66.61478
"341",2020-04-26 04:00:00,13.708391,66.8014
"342",2020-04-26 05:00:00,14.039999,67.38013
"343",2020-04-26 06:00:00,13.1041975,69.0755
"344",2020-04-26 07:00:00,12.768586,68.49856
"345",2020-04-26 08:00:00,10.296251,53.53076
"346",2020-04-26 09:00:00,10.805998,60.018356
"347",2020-04-26 10:00:00,10.703569,70.346176
"348",2020-04-26 11:00:00,11.367109,79.04594
"349",2020-04-26 12:00:00,11.885453,88.26429
"350",2020-04-26 13:00:00,12.605142,91.63657
"351",2020-04-26 14:00:00,12.964998,91.59113
"352",2020-04-26 15:00:00,14.4,89.99999
"353",2020-04-26 16:00:00,15.119999,89.99999
"354",2020-04-26 17:00:00,17.28,89.99999
"355",2020-04-26 18:00:00,17.64,89.99999
"356",2020-04-26 19:00:00,19.08,89.99999
"357",2020-04-26 20:00:00,15.192682,76.29304
"358",2020-04-26 21:00:00,13.570615,68.19859
"359",2020-04-26 22:00:00,12.979984,70.55996
"360",2020-04-26 23:00:00,13.979871,78.11134
"361",2020-04-27 00:00:00,14.205182,81.25384
"362",2020-04-27 01:00:00,13.722565,85.48601
"363",2020-04-27 02:00:00,12.599999,89.99999
"364",2020-04-27 03:00:00,12.015589,98.61565
"365",2020-04-27 04:00:00,11.384199,108.434944
"366",2020-04-27 05:00:00,10.787993,115.70995
"367",2020-04-27 06:00:00,9.693296,121.32869
"368",2020-04-27 07:00:00,9.726664,128.991
"369",2020-04-27 08:00:00,9.931042,136.4688
"370",2020-04-27 09:00:00,9.793059,143.97263
"371",2020-04-27 10:00:00,8.39657,149.03624
"372",2020-04-27 11:00:00,7.10031,149.53445
"373",2020-04-27 12:00:00,7.5942082,148.57043
"374",2020-04-27 13:00:00,8.209263,142.12502
"375",2020-04-27 14:00:00,7.9932966,144.16235
"376",2020-04-27 15:00:00,7.42159,157.16635
"377",2020-04-27 16:00:00,7.0911775,156.0375
"378",2020-04-27 17:00:00,7.7043357,142.59465
"379",2020-04-27 18:00:00,12.819235,128.15723
"380",2020-04-27 19:00:00,17.87718,115.016884
"381",2020-04-27 20:00:00,23.906818,108.434944
"382",2020-04-27 21:00:00,25.671307,104.620865
"383",2020-04-27 22:00:00,23.233253,102.52881
"384",2020-04-27 23:00:00,21.479666,103.570435
"385",2020-04-26 00:00:00,15.844089,68.682076
"386",2020-04-26 01:00:00,16.854767,70.016884
"387",2020-04-26 02:00:00,16.645864,68.42869
"388",2020-04-26 03:00:00,16.92383,66.161255
"389",2020-04-26 04:00:00,14.8257065,60.945396
"390",2020-04-26 05:00:00,14.081477,57.5288
"391",2020-04-26 06:00:00,13.397612,59.300278
"393",2020-04-26 08:00:00,11.298495,67.52056
"394",2020-04-26 09:00:00,10.703569,70.346176
"395",2020-04-26 10:00:00,11.090103,76.86598
"396",2020-04-26 11:00:00,12.620554,86.72951
"397",2020-04-26 12:00:00,14.77755,92.7927
"398",2020-04-26 13:00:00,16.981165,94.86451
"399",2020-04-26 14:00:00,16.981165,94.86451
"400",2020-04-26 15:00:00,16.595179,93.73139
"401",2020-04-26 16:00:00,14.759999,89.99999
"402",2020-04-26 17:00:00,15.119999,89.99999
"403",2020-04-26 18:00:00,14.417988,87.137596
"404",2020-04-26 19:00:00,15.546833,84.68545
"417",2020-04-27 08:00:00,4.3349743,184.76364
"418",2020-04-27 09:00:00,4.32,180
"419",2020-04-27 10:00:00,4.802999,192.99461
"420",2020-04-27 11:00:00,5.1544156,192.09476
"421",2020-04-27 12:00:00,5.0911684,188.1301
"422",2020-04-27 13:00:00,5.3999996,180
"423",2020-04-27 14:00:00,5.1544156,167.90524
"424",2020-04-27 15:00:00,6.792466,147.99461
"425",2020-04-27 16:00:00,8.435069,140.19443
"426",2020-04-27 17:00:00,9.504272,142.69604
"427",2020-04-27 18:00:00,7.7879906,123.69006
"428",2020-04-27 19:00:00,10.538843,97.85332
"429",2020-04-27 20:00:00,7.92,89.99999
"430",2020-04-27 21:00:00,10.823973,93.81408
"431",2020-04-27 22:00:00,12.6462,94.899086
"432",2020-04-27 23:00:00,14.417988,92.862404
"433",2020-04-28 00:00:00,15.124284,91.36392
"434",2020-04-28 01:00:00,15.84409,91.30195
"435",2020-04-28 02:00:00,14.081478,94.398705
"436",2020-04-28 03:00:00,12.413476,106.8584
"437",2020-04-28 04:00:00,11.183201,123.17851
"438",2020-04-28 05:00:00,11.090103,144.24611
"439",2020-04-28 06:00:00,9,163.73979
"440",2020-04-28 07:00:00,6.130579,183.36646
"441",2020-04-28 08:00:00,5.3999996,216.8699
"442",2020-04-28 09:00:00,4.829907,243.43495
"443",2020-04-28 10:00:00,6.0347,252.64598
"444",2020-04-28 11:00:00,7.771331,256.6075
"445",2020-04-28 12:00:00,8.557102,255.37914
"446",2020-04-28 13:00:00,9.531505,259.11447
"447",2020-04-28 14:00:00,11.013882,258.69006
"448",2020-04-28 15:00:00,12.864649,252.07208
"449",2020-04-28 16:00:00,10.799999,233.1301
"450",2020-04-28 17:00:00,8.404285,223.2643
"451",2020-04-28 18:00:00,6.792466,237.99463
"452",2020-04-28 19:00:00,4.6102495,231.3402
"453",2020-04-28 20:00:00,12.096214,53.47113
"454",2020-04-28 21:00:00,15.84409,91.30195
"455",2020-04-28 22:00:00,15.281989,105.01836
"456",2020-04-28 23:00:00,13.527572,115.20112
"457",2020-04-29 00:00:00,10.514218,128.04704
"458",2020-04-29 01:00:00,6.696387,143.74615
"459",2020-04-29 02:00:00,3.6179552,174.28941
"460",2020-04-29 03:00:00,2.3051248,231.3402
"461",2020-04-29 04:00:00,3.6,270
"462",2020-04-29 05:00:00,6.379216,286.38956
"463",2020-04-29 06:00:00,8.699793,294.44397
"464",2020-04-29 07:00:00,10.495713,300.96378
"465",2020-04-29 08:00:00,8.759178,279.46234
"466",2020-04-29 09:00:00,7.072878,284.74356
"467",2020-04-29 10:00:00,6.297428,329.03625
"468",2020-04-29 11:00:00,8.699793,24.443954
"469",2020-04-29 12:00:00,15.315873,60.42215
"470",2020-04-29 13:00:00,20.192118,78.69006
"471",2020-04-29 14:00:00,25.050413,82.56859
"472",2020-04-29 15:00:00,31.085323,76.6075
"473",2020-04-29 16:00:00,34.608715,71.18811
"474",2020-04-29 17:00:00,26.758923,72.78392
"475",2020-04-29 18:00:00,17.935081,79.592285
"476",2020-04-29 19:00:00,18.532133,82.1847
"477",2020-04-29 20:00:00,18.35647,64.440025
"478",2020-04-29 21:00:00,18.681883,64.9164
"479",2020-04-29 22:00:00,17.447933,68.19859
"480",2020-04-29 23:00:00,16.279802,71.965706
"481",2020-04-30 00:00:00,14.689589,72.89727
"482",2020-04-30 01:00:00,13.5515,73.00917
"483",2020-04-30 02:00:00,12.979984,70.55996
"484",2020-04-30 03:00:00,12.72283,64.88516
"485",2020-04-30 04:00:00,12.397806,64.17901
"486",2020-04-30 05:00:00,11.91812,64.98311
"487",2020-04-30 06:00:00,10.948973,62.59243
"488",2020-04-30 07:00:00,10.144082,62.52556
"489",2020-04-30 08:00:00,5.6002855,44.999985
"490",2020-04-30 09:00:00,5.8048253,60.25511
"491",2020-04-30 10:00:00,7.342588,78.69006
"492",2020-04-30 11:00:00,8.311245,94.96974
"493",2020-04-30 12:00:00,9.255571,103.49573
"494",2020-04-30 13:00:00,10.24578,108.434944
"495",2020-04-30 14:00:00,10.739833,103.570435
"496",2020-04-30 15:00:00,11.720751,100.61965
"497",2020-04-30 16:00:00,11.874544,104.03624
"498",2020-04-30 17:00:00,13.450708,105.5241
"499",2020-04-30 18:00:00,14.799459,108.434944
"500",2020-04-30 19:00:00,18.455048,110.556046
"501",2020-04-30 20:00:00,16.039202,99.03948
"502",2020-04-30 21:00:00,15.188415,95.44032
"503",2020-04-30 22:00:00,13.679999,89.99999
"504",2020-04-30 23:00:00,14.04,89.99999
"505",2020-05-01 00:00:00,14.05845,92.93567
"506",2020-05-01 01:00:00,14.561099,98.53076
"507",2020-05-01 02:00:00,13.358861,104.03624
"508",2020-05-01 03:00:00,11.770403,113.42869
"509",2020-05-01 04:00:00,10.799999,126.869896
"510",2020-05-01 05:00:00,10.691453,135
"511",2020-05-01 06:00:00,11.480557,138.81407
"512",2020-05-01 07:00:00,11.592894,143.84181
"513",2020-05-01 08:00:00,5.991594,147.26477
"514",2020-05-01 09:00:00,7.145796,139.08562
"515",2020-05-01 10:00:00,7.9932966,144.16235
"516",2020-05-01 11:00:00,9,143.1301
"517",2020-05-01 12:00:00,9,143.1301
"518",2020-05-01 13:00:00,7.42159,140.90614
"519",2020-05-01 14:00:00,5.8048253,119.74488
"520",2020-05-01 15:00:00,7.072878,104.74355
"521",2020-05-01 16:00:00,8.209263,105.25512
"522",2020-05-01 17:00:00,10.703569,109.653824
"523",2020-05-01 18:00:00,14.182355,113.96249
"524",2020-05-01 19:00:00,19.319628,116.56505
"525",2020-05-01 20:00:00,17.811815,104.03624
"526",2020-05-01 21:00:00,18.430452,102.40742
"527",2020-05-01 22:00:00,14.440443,94.28915
"528",2020-05-01 23:00:00,15.124284,88.63607
"529",2020-05-02 00:00:00,14.799459,85.81509
"530",2020-05-02 01:00:00,14.4,89.99999
"531",2020-05-02 02:00:00,13.363711,94.63546
"532",2020-05-02 03:00:00,11.792404,102.33909
"533",2020-05-02 04:00:00,10.30883,114.77514
"534",2020-05-02 05:00:00,9.449572,130.36453
"535",2020-05-02 06:00:00,9.220499,141.34018
"536",2020-05-02 07:00:00,8.0899935,147.72435
"537",2020-05-02 08:00:00,3.563818,135
"538",2020-05-02 09:00:00,3.8268526,138.81407
"539",2020-05-02 10:00:00,4.3349743,131.63353
"540",2020-05-02 11:00:00,4.8433046,131.98721
"541",2020-05-02 12:00:00,4.6938257,122.47119
"542",2020-05-02 13:00:00,4.6800003,112.61986
"543",2020-05-02 14:00:00,5.7599998,89.99999
"544",2020-05-02 15:00:00,7.2359104,84.289406
"545",2020-05-02 16:00:00,8.311245,85.03026
"546",2020-05-02 17:00:00,10.440001,89.99999
"547",2020-05-02 18:00:00,10.440001,89.99999
"548",2020-05-02 19:00:00,12.605142,91.63657
"549",2020-05-02 20:00:00,12.324414,96.70984
"550",2020-05-02 21:00:00,9.9571085,102.52881
"551",2020-05-02 22:00:00,9.422101,96.58194
"552",2020-05-02 23:00:00,10.440001,89.99999
"553",2020-05-03 00:00:00,11.879999,89.99999
"554",2020-05-03 01:00:00,12.620554,93.27049
"555",2020-05-03 02:00:00,12.287555,95.04245
"556",2020-05-03 03:00:00,12.324414,96.70984
"557",2020-05-03 04:00:00,11.367109,100.954056
"558",2020-05-03 05:00:00,10.587917,107.818886
"559",2020-05-03 06:00:00,10.028439,111.03751
"560",2020-05-03 07:00:00,9.83268,113.7495
"561",2020-05-03 08:00:00,9.339208,117.55281
"562",2020-05-03 09:00:00,6.989936,124.508514
"563",2020-05-03 10:00:00,7.145796,130.91438
"564",2020-05-03 11:00:00,6.3690495,132.70938
"565",2020-05-03 12:00:00,5.1165614,129.2894
"566",2020-05-03 13:00:00,4.379589,99.46232
"567",2020-05-03 14:00:00,3.2399998,89.99999
"568",2020-05-03 15:00:00,4.2136917,70.016884
"569",2020-05-03 16:00:00,6.0347,72.64597
"570",2020-05-03 17:00:00,8.350138,82.56859
"571",2020-05-03 18:00:00,9.746631,85.7636
"572",2020-05-03 19:00:00,13.684735,88.49257
"573",2020-05-03 20:00:00,13.679999,89.99999
"574",2020-05-03 21:00:00,11.659777,98.88065
"575",2020-05-03 22:00:00,8.209263,105.25512
"576",2020-05-03 23:00:00,11.183201,93.69138
"577",2020-05-04 00:00:00,12.6462,94.899086
"578",2020-05-04 01:00:00,13.397612,96.17017
"579",2020-05-04 02:00:00,13.084402,97.90716
"580",2020-05-04 03:00:00,12.371645,98.36588
"581",2020-05-04 04:00:00,11.720751,100.61965
"582",2020-05-04 05:00:00,10.829959,105.42216
"583",2020-05-04 06:00:00,10.028439,111.03751
"584",2020-05-04 07:00:00,9.693296,148.67131
"585",2020-05-04 08:00:00,9.028754,156.50143
"586",2020-05-04 09:00:00,6.489992,160.55997
"587",2020-05-04 10:00:00,5.815978,158.1986
"588",2020-05-04 11:00:00,5.154415,155.22485
"589",2020-05-04 12:00:00,4.1046314,164.74487
"590",2020-05-04 13:00:00,3.2599385,173.6598
"591",2020-05-04 14:00:00,1.8,180
"592",2020-05-04 15:00:00,1.8,360
"593",2020-05-04 16:00:00,6.12,61.927513
"594",2020-05-04 17:00:00,10.182337,81.869896
"595",2020-05-04 18:00:00,13.397612,96.17017
"596",2020-05-04 19:00:00,15.111424,102.38075
"597",2020-05-04 20:00:00,16.73516,108.82471
"598",2020-05-04 21:00:00,18.204042,114.53772
"599",2020-05-04 22:00:00,16.58346,117.12131
"600",2020-05-04 23:00:00,16.58346,117.12131
"601",2020-05-05 00:00:00,16.09969,116.56505
"602",2020-05-05 01:00:00,15.141414,118.39302
"603",2020-05-05 02:00:00,14.386494,121.70142
"604",2020-05-05 03:00:00,13.479583,124.11447
"605",2020-05-05 04:00:00,12.261157,130.23636
"606",2020-05-05 05:00:00,10.691453,135
"607",2020-05-05 06:00:00,9.449572,139.63547
"608",2020-05-05 07:00:00,6.4096174,128.15723
"609",2020-05-05 08:00:00,5.8603754,132.51044
"610",2020-05-05 09:00:00,4.8433046,131.98721
"611",2020-05-05 10:00:00,6.193674,125.537674
"612",2020-05-05 11:00:00,6.792466,122.00538
"613",2020-05-05 12:00:00,7.072878,104.74355
"614",2020-05-05 13:00:00,9,89.99999
"615",2020-05-05 14:00:00,12.324414,83.29016
"616",2020-05-05 15:00:00,15.546833,84.68545
"617",2020-05-05 16:00:00,24.798225,80.811165
"618",2020-05-05 17:00:00,35.33506,81.20946
"619",2020-05-05 18:00:00,33.790176,75.815704
"620",2020-05-05 19:00:00,18.844202,83.41805
"621",2020-05-05 20:00:00,16.56,89.99999
"622",2020-05-05 21:00:00,19.602652,82.61395
"623",2020-05-05 22:00:00,19.562946,77.24247
"624",2020-05-05 23:00:00,17.935081,79.592285
"625",2020-05-06 00:00:00,15.683776,80.75388
"626",2020-05-06 01:00:00,14.332341,78.40782
"627",2020-05-06 02:00:00,13.441071,69.62356
"628",2020-05-06 03:00:00,12.57426,66.37062
"629",2020-05-06 04:00:00,11.384199,71.56504
"630",2020-05-06 05:00:00,10.028439,68.96249
"631",2020-05-06 06:00:00,8.225035,66.8014
"632",2020-05-06 07:00:00,8.089993,69.14554
"633",2020-05-06 08:00:00,9.504272,52.696053
"634",2020-05-06 09:00:00,10.365251,69.67686
"635",2020-05-06 10:00:00,10.594036,80.21759
"636",2020-05-06 11:00:00,12.964998,91.59113
"637",2020-05-06 12:00:00,14.205182,98.74616
"638",2020-05-06 13:00:00,16.595179,102.52881
"639",2020-05-06 14:00:00,16.394829,98.84181
"640",2020-05-06 15:00:00,16.563911,91.24536
"641",2020-05-06 16:00:00,15.137133,87.27369
"642",2020-05-06 17:00:00,16.23596,86.18592
"643",2020-05-06 18:00:00,15.484185,88.66778
"644",2020-05-06 19:00:00,16.93531,92.436646
"645",2020-05-06 20:00:00,16.039202,80.96051
"646",2020-05-06 21:00:00,17.114204,75.37913
"647",2020-05-06 22:00:00,16.279802,71.965706
"648",2020-05-06 23:00:00,16.516901,73.53998
"649",2020-05-07 00:00:00,14.934577,74.62374
"650",2020-05-07 01:00:00,15.03835,78.95905
"651",2020-05-07 02:00:00,13.910169,79.56252
"652",2020-05-07 03:00:00,13.084402,82.092834
"653",2020-05-07 04:00:00,11.966953,83.08877
"654",2020-05-07 05:00:00,10.823973,86.18592
"655",2020-05-07 06:00:00,9.3876505,94.398705
"656",2020-05-07 07:00:00,8.905908,104.03624
"657",2020-05-07 08:00:00,9.255571,103.49573
"658",2020-05-07 09:00:00,10.365251,110.323135
"659",2020-05-07 10:00:00,9.360001,112.61986
"660",2020-05-07 11:00:00,9.885262,123.11134
"661",2020-05-07 12:00:00,9.686609,131.98721
"662",2020-05-07 13:00:00,9.931042,136.4688
"663",2020-05-07 14:00:00,9.673221,135
"664",2020-05-07 15:00:00,11.592894,126.15819
"665",2020-05-07 16:00:00,12.682018,124.592285
"666",2020-05-07 17:00:00,14.77755,124.077194
"667",2020-05-07 18:00:00,16.575644,124.38034
"668",2020-05-07 19:00:00,18.58451,121.53479
"669",2020-05-07 20:00:00,16.766108,104.93142
"670",2020-05-07 21:00:00,16.676977,103.73626
"671",2020-05-07 22:00:00,14.154915,97.305756
"672",2020-05-07 23:00:00,12.371645,98.36588
"673",2020-05-08 00:00:00,12.661564,104.82648
"674",2020-05-08 01:00:00,12.24,118.07248
"675",2020-05-08 02:00:00,13.004922,131.63353
"676",2020-05-08 03:00:00,12.88981,144.09027
"677",2020-05-08 04:00:00,9.793058,162.89728
"678",2020-05-08 05:00:00,7.2805495,188.53076
"679",2020-05-08 06:00:00,6.297428,210.96376
"680",2020-05-08 07:00:00,6.8777895,222.8789
"681",2020-05-08 08:00:00,8.64,270
"682",2020-05-08 09:00:00,7.8954163,226.84761
"683",2020-05-08 10:00:00,7.145796,220.91438
"684",2020-05-08 11:00:00,5.991594,237.26477
"685",2020-05-08 12:00:00,5.991594,302.73523
"686",2020-05-08 13:00:00,11.525623,358.21008
"687",2020-05-08 14:00:00,15.856354,39.472458
"688",2020-05-08 15:00:00,26.064596,57.40741
"689",2020-05-08 16:00:00,29.68636,67.166336
"690",2020-05-08 17:00:00,22.89611,73.559616
"691",2020-05-08 18:00:00,16.65754,83.79655
"692",2020-05-08 19:00:00,15.941944,83.51692
"693",2020-05-08 20:00:00,28.038431,74.35776
"694",2020-05-08 21:00:00,26.795223,83.82981
"695",2020-05-08 22:00:00,19.35314,80.362465
"696",2020-05-08 23:00:00,18.345877,74.054596
"697",2020-05-09 00:00:00,18.448023,72.97948
"698",2020-05-09 01:00:00,18.899143,72.255325
"699",2020-05-09 02:00:00,13.570615,68.19859
"700",2020-05-09 03:00:00,11.113451,65.09524
"701",2020-05-09 04:00:00,9.585739,55.71312
"702",2020-05-09 05:00:00,9.693296,58.671295
"703",2020-05-09 06:00:00,9.826088,61.557068
"704",2020-05-09 07:00:00,10.636766,66.037506
"705",2020-05-09 08:00:00,7.754637,68.19859
"706",2020-05-09 09:00:00,8.825508,78.231705
"707",2020-05-09 10:00:00,10.08,89.99999
"708",2020-05-09 11:00:00,11.304229,99.162346
"709",2020-05-09 12:00:00,11.013882,101.30993
"710",2020-05-09 13:00:00,11.304229,99.162346
"711",2020-05-09 14:00:00,10.805999,91.90914
"712",2020-05-09 15:00:00,12.371645,98.36588
"713",2020-05-09 16:00:00,12.6462,94.899086
"714",2020-05-09 17:00:00,13.324863,88.45184
"715",2020-05-09 18:00:00,12.605142,88.36342
"716",2020-05-09 19:00:00,13.722565,94.513985
"717",2020-05-09 20:00:00,13.009903,104.42077
"718",2020-05-09 21:00:00,14.685176,101.30993
"719",2020-05-09 22:00:00,14.471821,95.71059
"720",2020-05-09 23:00:00,15.905319,95.19443
"721",2020-05-10 00:00:00,15.876775,93.9005
"722",2020-05-10 01:00:00,16.575644,92.48955
"723",2020-05-10 02:00:00,15.484185,88.66778
"724",2020-05-10 03:00:00,14.869351,83.047035
"725",2020-05-10 04:00:00,13.556282,79.28687
"726",2020-05-10 05:00:00,12.9249525,77.12499
"727",2020-05-10 06:00:00,11.874544,75.96376
"728",2020-05-10 07:00:00,11.720751,79.38034
"729",2020-05-10 08:00:00,9.826088,81.57303
"730",2020-05-10 09:00:00,9.726665,87.8789
"731",2020-05-10 10:00:00,10.799999,89.99999
"732",2020-05-10 11:00:00,13.698934,93.01279
"733",2020-05-10 12:00:00,14.830076,95.5722
"734",2020-05-10 13:00:00,15.496736,92.662994
"735",2020-05-10 14:00:00,15.84,89.99999
"736",2020-05-10 15:00:00,18.72,89.99999
"737",2020-05-10 16:00:00,18.359999,89.99999
"738",2020-05-10 17:00:00,19.083395,91.08092
"739",2020-05-10 18:00:00,18.374111,92.245735
"740",2020-05-10 19:00:00,19.44,89.99999
"741",2020-05-10 20:00:00,17.462782,75.677284
"742",2020-05-10 21:00:00,16.179985,69.14554
"743",2020-05-10 22:00:00,15.379206,69.443954
"744",2020-05-10 23:00:00,16.179985,69.14554
"745",2020-05-11 00:00:00,14.986553,65.89776
"746",2020-05-11 01:00:00,14.336861,61.50435
"747",2020-05-11 02:00:00,12.594856,59.036255
"748",2020-05-11 03:00:00,11.609651,60.25511
"749",2020-05-11 04:00:00,10.630672,61.699234
"750",2020-05-11 05:00:00,10.931203,72.75854
"751",2020-05-11 06:00:00,10.948973,80.537674
"752",2020-05-11 07:00:00,10.464798,86.05482
"753",2020-05-11 08:00:00,10.365251,69.67686
"754",2020-05-11 09:00:00,10.853866,84.289406
"755",2020-05-11 10:00:00,12.245294,91.68468
"756",2020-05-11 11:00:00,14.84318,104.03624
"757",2020-05-11 12:00:00,15.937878,108.434944
"758",2020-05-11 13:00:00,16.516901,110.409874
"759",2020-05-11 14:00:00,15.941944,115.407715
"760",2020-05-11 15:00:00,15.617529,115.97439
"761",2020-05-11 16:00:00,16.1198,113.702644
"762",2020-05-11 17:00:00,17.727943,113.96249
"763",2020-05-11 18:00:00,19.33639,118.951
"764",2020-05-11 19:00:00,20.730501,110.323135
"765",2020-05-11 20:00:00,17.28,89.99999
"766",2020-05-11 21:00:00,16.1198,66.29735
"767",2020-05-11 22:00:00,13.513193,48.239685
"768",2020-05-11 23:00:00,13.324863,38.418045
