"","timestamp","Santa.Mar√.a.del.Oro.Wind.Speed..80.m.","Santa.Mar√.a.del.Oro.Wind.Direction..80.m."
"1",2020-04-14 00:00:00,17.238699,331.29407
"2",2020-04-14 01:00:00,11.841756,340.46335
"3",2020-04-14 02:00:00,4.896529,342.89728
"4",2020-04-14 03:00:00,1.609969,243.43495
"5",2020-04-14 04:00:00,5.3999996,216.8699
"6",2020-04-14 05:00:00,6.8777895,222.8789
"7",2020-04-14 06:00:00,6.9153743,231.3402
"8",2020-04-14 07:00:00,6.87779,263.991
"9",2020-04-14 08:00:00,6.9899354,258.11133
"10",2020-04-14 09:00:00,7.42159,255.96376
"11",2020-04-14 10:00:00,5.1544156,257.90524
"12",2020-04-14 11:00:00,3.2599385,6.340164
"13",2020-04-14 12:00:00,6.8777895,47.121094
"14",2020-04-14 13:00:00,7.5170207,73.30075
"15",2020-04-14 14:00:00,7.69592,100.784294
"16",2020-04-14 15:00:00,7.289445,122.90524
"17",2020-04-14 16:00:00,5.991594,147.26477
"18",2020-04-14 17:00:00,5.495161,148.3925
"19",2020-04-14 18:00:00,6.696387,126.25384
"20",2020-04-14 19:00:00,14.154915,97.305756
"21",2020-04-14 20:00:00,25.959969,86.82017
"22",2020-04-14 21:00:00,33.497414,88.15238
"23",2020-04-14 22:00:00,32.44996,93.179825
"24",2020-04-14 23:00:00,25.2924,94.899086
"25",2020-04-15 00:00:00,13.324863,91.54815
"26",2020-04-15 01:00:00,6.924738,81.02737
"27",2020-04-15 02:00:00,3.6,53.130096
"28",2020-04-15 03:00:00,2.9024127,29.744873
"29",2020-04-15 04:00:00,2.4149535,26.565033
"30",2020-04-15 05:00:00,2.0991426,59.036232
"31",2020-04-15 06:00:00,2.52,89.99999
"32",2020-04-15 07:00:00,4.1046314,105.25512
"33",2020-04-15 08:00:00,10.931203,72.75854
"34",2020-04-15 09:00:00,9.793058,72.89727
"35",2020-04-15 10:00:00,8.089993,69.14554
"36",2020-04-15 11:00:00,8.766573,70.820984
"37",2020-04-15 12:00:00,10.308831,77.905235
"38",2020-04-15 13:00:00,9.826088,81.57303
"39",2020-04-15 14:00:00,6.8399997,89.99999
"40",2020-04-15 15:00:00,3.9763298,95.19443
"41",2020-04-15 16:00:00,1.835647,101.30993
"42",2020-04-15 17:00:00,4.379589,80.537674
"43",2020-04-15 18:00:00,10.239453,79.87532
"44",2020-04-15 19:00:00,19.35314,80.362465
"45",2020-04-15 20:00:00,16.575644,124.38034
"46",2020-04-15 21:00:00,23.664352,123.20657
"47",2020-04-15 22:00:00,21.566973,123.42481
"48",2020-04-15 23:00:00,15.379206,122.57405
"49",2020-04-16 00:00:00,10.315115,119.248825
"50",2020-04-16 01:00:00,7.24486,116.56505
"51",2020-04-16 02:00:00,4.6102495,128.6598
"52",2020-04-16 03:00:00,2.7416782,156.8014
"53",2020-04-16 04:00:00,1.8,180
"54",2020-04-16 05:00:00,1.2979984,213.69006
"55",2020-04-16 06:00:00,1.609969,243.43495
"56",2020-04-16 07:00:00,2.8116899,230.19443
"57",2020-04-16 08:00:00,3.5455887,66.037506
"58",2020-04-16 09:00:00,2.5455842,81.869896
"59",2020-04-16 10:00:00,2.968636,75.96376
"60",2020-04-16 11:00:00,4.3498964,65.55604
"61",2020-04-16 12:00:00,6.130579,86.63353
"62",2020-04-16 13:00:00,6.725354,105.5241
"63",2020-04-16 14:00:00,6.9153743,128.6598
"64",2020-04-16 15:00:00,6.12,151.9275
"65",2020-04-16 16:00:00,6.130579,183.36646
"66",2020-04-16 17:00:00,4.5536795,198.43495
"67",2020-04-16 18:00:00,3.319036,192.52881
"68",2020-04-16 19:00:00,3.7064266,119.054596
"69",2020-04-16 20:00:00,21.03152,96.881714
"70",2020-04-16 21:00:00,23.623243,97.883125
"71",2020-04-16 22:00:00,19.93048,106.79836
"72",2020-04-16 23:00:00,12.879752,116.56505
"73",2020-04-17 00:00:00,8.14587,135
"74",2020-04-17 01:00:00,6.151683,159.44395
"75",2020-04-17 02:00:00,5.4119864,183.81407
"76",2020-04-17 03:00:00,5.8048253,209.74489
"77",2020-04-17 04:00:00,6.8777895,222.8789
"78",2020-04-17 05:00:00,7.6367526,225
"79",2020-04-17 06:00:00,8.669949,228.36647
"80",2020-04-17 07:00:00,9.1641035,225
"81",2020-04-17 08:00:00,8.435069,230.19443
"82",2020-04-17 09:00:00,8.435069,230.19443
"83",2020-04-17 10:00:00,8.404285,223.2643
"84",2020-04-17 11:00:00,10.464797,220.8151
"85",2020-04-17 12:00:00,11.457958,223.72697
"86",2020-04-17 13:00:00,12.984975,223.87671
"87",2020-04-17 14:00:00,16.563911,227.64255
"88",2020-04-17 15:00:00,21.599998,233.1301
"89",2020-04-17 16:00:00,27.666182,237.75754
"90",2020-04-17 17:00:00,32.85678,237.52881
"91",2020-04-17 18:00:00,39.541046,236.88866
"92",2020-04-17 19:00:00,44.239006,235.27536
"93",2020-04-17 20:00:00,19.469976,236.30994
"94",2020-04-17 21:00:00,22.66857,237.31946
"95",2020-04-17 22:00:00,27.859905,237.13132
"96",2020-04-17 23:00:00,31.575506,241.38954
"97",2020-04-18 00:00:00,32.535713,245.1363
"98",2020-04-18 01:00:00,32.427986,247.1355
"99",2020-04-18 02:00:00,29.68636,247.16635
"100",2020-04-18 03:00:00,27.70831,245.43283
"101",2020-04-18 04:00:00,26.729847,244.4703
"102",2020-04-18 05:00:00,25.44566,244.88516
"103",2020-04-18 06:00:00,23.18579,244.23068
"104",2020-04-18 07:00:00,19.483284,242.488
"105",2020-04-18 08:00:00,16.489416,233.88066
"106",2020-04-18 09:00:00,11.183201,236.82149
"107",2020-04-18 10:00:00,15.7908325,226.84761
"108",2020-04-18 11:00:00,20.87379,225
"109",2020-04-18 12:00:00,22.42427,222.39745
"110",2020-04-18 13:00:00,23.950148,222.56335
"111",2020-04-18 14:00:00,26.758923,227.72632
"112",2020-04-18 15:00:00,30.312769,232.72183
"113",2020-04-18 16:00:00,34.247337,236.14288
"114",2020-04-18 17:00:00,36.79756,239.42078
"115",2020-04-18 18:00:00,38.67278,241.04901
"116",2020-04-18 19:00:00,39.47708,241.09764
"117",2020-04-18 20:00:00,37.16902,248.4047
"118",2020-04-18 21:00:00,33.3559,251.76059
"119",2020-04-18 22:00:00,32.559605,251.96573
"120",2020-04-18 23:00:00,32.10667,252.37772
"121",2020-04-19 00:00:00,30.625402,252.20401
"122",2020-04-19 01:00:00,27.558228,250.14479
"123",2020-04-19 02:00:00,24.20314,247.24902
"124",2020-04-19 03:00:00,19.33639,241.04901
"125",2020-04-19 04:00:00,15.778516,235.22217
"126",2020-04-19 05:00:00,12.538134,230.82635
"127",2020-04-19 06:00:00,11.246759,230.19443
"128",2020-04-19 07:00:00,11.304229,232.76517
"129",2020-04-19 08:00:00,10.829958,248.55226
"130",2020-04-19 09:00:00,8.854829,243.43495
"131",2020-04-19 10:00:00,10.948973,242.59244
"132",2020-04-19 11:00:00,12.57426,256.7595
"133",2020-04-19 12:00:00,13.039754,263.65982
"134",2020-04-19 13:00:00,14.05845,267.06433
"135",2020-04-19 14:00:00,15.484185,268.6678
"136",2020-04-19 15:00:00,15.84,270
"137",2020-04-19 16:00:00,15.119999,270
"138",2020-04-19 17:00:00,12.964998,271.59113
"139",2020-04-19 18:00:00,11.542478,273.57632
"140",2020-04-19 19:00:00,9.6932955,285.06848
"141",2020-04-19 20:00:00,24.795612,295.82098
"142",2020-04-19 21:00:00,25.43802,296.92767
"143",2020-04-19 22:00:00,25.43802,296.92767
"144",2020-04-19 23:00:00,25.284714,298.0245
"145",2020-04-20 00:00:00,23.188583,297.75854
"146",2020-04-20 01:00:00,17.25373,293.35556
"147",2020-04-20 02:00:00,11.440978,282.72437
"148",2020-04-20 03:00:00,8.311245,265.03027
"149",2020-04-20 04:00:00,7.8954163,245.77226
"150",2020-04-20 05:00:00,8.891343,238.24052
"151",2020-04-20 06:00:00,9.19939,239.42078
"152",2020-04-20 07:00:00,9.511088,240.52411
"153",2020-04-20 08:00:00,5.3999996,270
"154",2020-04-20 09:00:00,4.5536795,251.56506
"155",2020-04-20 10:00:00,3.219938,243.43495
"156",2020-04-20 11:00:00,1.5273507,225
"157",2020-04-20 12:00:00,2.6208394,164.0546
"158",2020-04-20 13:00:00,4.829907,153.43495
"159",2020-04-20 14:00:00,6.0347,162.64597
"160",2020-04-20 15:00:00,6.489992,176.82018
"161",2020-04-20 16:00:00,5.8603754,190.61966
"162",2020-04-20 17:00:00,4.6800003,202.61987
"163",2020-04-20 18:00:00,3.7064266,209.05461
"164",2020-04-20 19:00:00,2.5455842,135
"165",2020-04-20 20:00:00,10.587918,54.68878
"166",2020-04-20 21:00:00,11.91812,64.98311
"167",2020-04-20 22:00:00,9.504273,65.37643
"168",2020-04-20 23:00:00,5.3517847,42.27368
"169",2020-04-21 00:00:00,7.072878,345.25644
"170",2020-04-21 01:00:00,14.021525,330.80252
"171",2020-04-21 02:00:00,18.043148,331.38956
"172",2020-04-21 03:00:00,15.459054,332.24146
"173",2020-04-21 04:00:00,10.587918,324.68878
"174",2020-04-21 05:00:00,7.2,306.8699
"175",2020-04-21 06:00:00,5.937272,284.03625
"176",2020-04-21 07:00:00,6.4799995,270
"177",2020-04-21 08:00:00,6.924738,261.02737
"178",2020-04-21 09:00:00,7.42159,255.96376
"179",2020-04-21 10:00:00,4.896529,252.89728
"180",2020-04-21 11:00:00,9.107359,341.56506
"181",2020-04-21 12:00:00,8.28,360
"182",2020-04-21 13:00:00,4.0249224,26.565033
"183",2020-04-21 14:00:00,1.835647,101.30993
"184",2020-04-21 15:00:00,3.319036,167.47119
"185",2020-04-21 16:00:00,5.0911684,188.1301
"186",2020-04-21 17:00:00,5.2416787,195.9454
"187",2020-04-21 18:00:00,5.1544156,192.09476
"188",2020-04-21 19:00:00,4.1046314,142.12502
"189",2020-04-21 20:00:00,9.36,89.99999
"190",2020-04-21 21:00:00,10.308831,77.905235
"191",2020-04-21 22:00:00,5.1919937,33.690063
"192",2020-04-21 23:00:00,9.178235,334.44003
"193",2020-04-20 00:00:00,19.107151,312.7094
"194",2020-04-20 01:00:00,15.580141,310.31412
"195",2020-04-20 02:00:00,10.296251,306.46924
"196",2020-04-20 03:00:00,4.802999,282.99463
"197",2020-04-20 04:00:00,3.8939953,236.30994
"198",2020-04-20 05:00:00,6.1305785,220.23636
"199",2020-04-20 06:00:00,7.8954163,223.15239
"201",2020-04-20 08:00:00,9.339208,242.44719
"202",2020-04-20 09:00:00,9.511088,240.52411
"203",2020-04-20 10:00:00,5.8048253,240.25513
"204",2020-04-20 11:00:00,1.835647,258.69006
"205",2020-04-20 12:00:00,0.8049845,153.43495
"206",2020-04-20 13:00:00,2.3051248,128.6598
"207",2020-04-20 14:00:00,2.0991426,149.03624
"208",2020-04-20 15:00:00,1.8,180
"209",2020-04-20 16:00:00,1.8,233.1301
"210",2020-04-20 17:00:00,1.08,270
"211",2020-04-20 18:00:00,0.5091169,315
"212",2020-04-20 19:00:00,3.8939953,56.30993
"213",2020-04-20 20:00:00,12.303366,69.443954
"214",2020-04-20 21:00:00,16.766108,75.06858
"215",2020-04-20 22:00:00,12.979984,70.55996
"216",2020-04-20 23:00:00,8.0899935,32.275635
"217",2020-04-21 00:00:00,11.090103,346.86597
"218",2020-04-21 01:00:00,16.58346,332.87872
"219",2020-04-21 02:00:00,17.238699,331.29407
"220",2020-04-21 03:00:00,14.168641,332.78387
"221",2020-04-21 04:00:00,9.585739,325.71313
"222",2020-04-21 05:00:00,6.489992,303.69006
"223",2020-04-21 06:00:00,6.130579,273.36646
"225",2020-04-21 08:00:00,11.901798,273.46823
"226",2020-04-21 09:00:00,8.654986,253.07248
"227",2020-04-21 10:00:00,6.489992,266.8202
"228",2020-04-21 11:00:00,5.692099,304.69516
"229",2020-04-21 12:00:00,5.00128,329.7436
"230",2020-04-21 13:00:00,2.16,360
"231",2020-04-21 14:00:00,1.2979984,123.69006
"232",2020-04-21 15:00:00,3.0758414,159.44395
"233",2020-04-21 16:00:00,4.0249224,190.30484
"234",2020-04-21 17:00:00,4.2136917,199.98311
"235",2020-04-21 18:00:00,4.1046314,195.25513
"236",2020-04-21 19:00:00,4.3349743,138.36646
"237",2020-04-21 20:00:00,12.55879,62.70043
"238",2020-04-21 21:00:00,13.1041975,69.0755
"239",2020-04-21 22:00:00,6.924738,81.02737
"240",2020-04-21 23:00:00,1.4399999,360
"241",2020-04-22 00:00:00,6.989936,304.50854
"242",2020-04-22 01:00:00,9.085988,303.69006
"243",2020-04-22 02:00:00,6.4096174,308.15723
"244",2020-04-22 03:00:00,2.968636,284.03625
"245",2020-04-22 04:00:00,3.8939953,213.69006
"246",2020-04-22 05:00:00,6.28713,203.62938
"247",2020-04-22 06:00:00,7.10031,210.46555
"248",2020-04-22 07:00:00,7.386582,223.02507
"249",2020-04-22 08:00:00,3.8268526,228.81409
"250",2020-04-22 09:00:00,1.609969,243.43495
"251",2020-04-22 10:00:00,0,180
"252",2020-04-22 11:00:00,1.08,360
"253",2020-04-22 12:00:00,2.52,360
"254",2020-04-22 13:00:00,4.6102495,321.3402
"255",2020-04-22 14:00:00,9.178235,295.55997
"256",2020-04-22 15:00:00,12.413476,286.8584
"257",2020-04-22 16:00:00,15.941944,276.4831
"258",2020-04-22 17:00:00,21.077686,277.85333
"259",2020-04-22 18:00:00,28.664682,281.59216
"260",2020-04-22 19:00:00,36.77114,288.25757
"261",2020-04-22 20:00:00,41.48912,285.60394
"262",2020-04-22 21:00:00,35.900864,291.16125
"263",2020-04-22 22:00:00,34.47176,294.69156
"264",2020-04-22 23:00:00,36.086296,298.61047
"265",2020-04-23 00:00:00,36.94519,303.07068
"266",2020-04-23 01:00:00,34.1526,304.69516
"267",2020-04-23 02:00:00,31.853388,304.40848
"268",2020-04-23 03:00:00,30.376833,301.42957
"269",2020-04-23 04:00:00,26.576681,294.82935
"270",2020-04-23 05:00:00,23.806318,290.35324
"271",2020-04-23 06:00:00,21.068459,289.98312
"272",2020-04-23 07:00:00,17.873554,288.7999
"273",2020-04-23 08:00:00,14.168641,297.2161
"274",2020-04-23 09:00:00,10.08,270
"275",2020-04-23 10:00:00,8.891344,291.37064
"276",2020-04-23 11:00:00,9.885262,326.88867
"277",2020-04-23 12:00:00,6.792466,327.99463
"278",2020-04-23 13:00:00,5.3517847,312.27368
"279",2020-04-23 14:00:00,5.904439,307.5686
"280",2020-04-23 15:00:00,6.4096174,308.15723
"281",2020-04-23 16:00:00,6.696387,306.25385
"282",2020-04-23 17:00:00,6.3690495,317.29062
"283",2020-04-23 18:00:00,5.95906,334.98312
"284",2020-04-23 19:00:00,7.072878,14.743561
"285",2020-04-23 20:00:00,19.211996,12.994629
"286",2020-04-23 21:00:00,18.947083,38.82982
"287",2020-04-23 22:00:00,16.87398,56.30993
"288",2020-04-23 23:00:00,12.015589,81.38435
"289",2020-04-24 00:00:00,7.10031,120.465546
"290",2020-04-24 01:00:00,6.2145634,169.99202
"291",2020-04-24 02:00:00,6.439876,206.56505
"292",2020-04-24 03:00:00,6.489992,236.30994
"293",2020-04-24 04:00:00,7.289444,249.77515
"294",2020-04-24 05:00:00,8.209263,254.74487
"295",2020-04-24 06:00:00,8.905908,255.96376
"296",2020-04-24 07:00:00,9.9571085,257.4712
"297",2020-04-24 08:00:00,12.224107,283.627
"298",2020-04-24 09:00:00,9.826088,278.42697
"299",2020-04-24 10:00:00,7.5685663,295.3462
"300",2020-04-24 11:00:00,8.049845,333.43497
"301",2020-04-24 12:00:00,7.5599995,360
"302",2020-04-24 13:00:00,6.130579,3.3664398
"303",2020-04-24 14:00:00,4.68,360
"304",2020-04-24 15:00:00,4.32,360
"305",2020-04-24 16:00:00,3.96,360
"306",2020-04-24 17:00:00,3.6,360
"307",2020-04-24 18:00:00,3.2399998,360
"308",2020-04-24 19:00:00,4.198285,30.963745
"309",2020-04-24 20:00:00,17.388409,27.09555
"310",2020-04-24 21:00:00,20.12461,42.82524
"311",2020-04-24 22:00:00,19.272614,57.200462
"312",2020-04-24 23:00:00,15.192682,76.29304
"313",2020-04-25 00:00:00,9.779817,96.34019
"314",2020-04-25 01:00:00,5.3517847,132.27368
"315",2020-04-25 02:00:00,4.198285,210.96376
"316",2020-04-25 03:00:00,6.489992,250.55997
"317",2020-04-25 04:00:00,8.287822,267.51044
"318",2020-04-25 05:00:00,9.028754,274.5739
"319",2020-04-25 06:00:00,9.531505,280.88553
"320",2020-04-25 07:00:00,9.6932955,285.06848
"321",2020-04-25 08:00:00,15.496736,300.73547
"322",2020-04-25 09:00:00,11.27553,286.69925
"323",2020-04-25 10:00:00,9.957108,310.60132
"324",2020-04-25 11:00:00,10.594036,350.2176
"325",2020-04-25 12:00:00,10.495713,22.166351
"326",2020-04-25 13:00:00,9.726664,51.009003
"327",2020-04-25 14:00:00,9.028754,66.501434
"328",2020-04-25 15:00:00,8.225035,66.8014
"329",2020-04-25 16:00:00,7.10031,59.534447
"330",2020-04-25 17:00:00,7.491114,54.782394
"331",2020-04-25 18:00:00,8.287822,55.61966
"332",2020-04-25 19:00:00,10.383987,56.30993
"333",2020-04-25 20:00:00,20.948164,19.057709
"334",2020-04-25 21:00:00,27.698954,27.897263
"335",2020-04-25 22:00:00,29.379175,36.027374
"336",2020-04-25 23:00:00,27.534704,48.179825
"337",2020-04-26 00:00:00,25.338476,67.44274
"338",2020-04-26 01:00:00,24.546085,85.79464
"339",2020-04-26 02:00:00,24.905132,94.144615
"340",2020-04-26 03:00:00,25.812277,98.01709
"341",2020-04-26 04:00:00,25.40743,97.32641
"342",2020-04-26 05:00:00,22.7057,92.72631
"343",2020-04-26 06:00:00,21.599998,89.99999
"344",2020-04-26 07:00:00,17.698677,85.33313
"345",2020-04-26 08:00:00,16.766108,104.93142
"346",2020-04-26 09:00:00,14.917212,98.32565
"347",2020-04-26 10:00:00,19.211996,102.99461
"348",2020-04-26 11:00:00,20.870687,104.99507
"349",2020-04-26 12:00:00,20.696085,103.06931
"350",2020-04-26 13:00:00,20.617662,102.09476
"351",2020-04-26 14:00:00,20.478907,100.124664
"352",2020-04-26 15:00:00,20.364674,98.1301
"353",2020-04-26 16:00:00,18.709612,101.09372
"354",2020-04-26 17:00:00,17.811815,104.03624
"355",2020-04-26 18:00:00,16.516901,106.460014
"356",2020-04-26 19:00:00,16.766108,104.93142
"357",2020-04-26 20:00:00,35.29102,288.43494
"358",2020-04-26 21:00:00,29.784426,277.6404
"359",2020-04-26 22:00:00,32.10667,252.37772
"360",2020-04-26 23:00:00,33.90313,221.98721
"361",2020-04-27 00:00:00,26.717722,194.03624
"362",2020-04-27 01:00:00,21.868332,200.22485
"363",2020-04-27 02:00:00,19.373219,228.01279
"364",2020-04-27 03:00:00,18.079027,234.72757
"365",2020-04-27 04:00:00,15.629971,231.5463
"366",2020-04-27 05:00:00,15.281989,226.90915
"367",2020-04-27 06:00:00,15.021105,224.02899
"368",2020-04-27 07:00:00,16.08761,220.46222
"369",2020-04-27 08:00:00,15.856354,219.47246
"370",2020-04-27 09:00:00,12.313894,217.87498
"371",2020-04-27 10:00:00,8.373386,205.46335
"372",2020-04-27 11:00:00,7.5942073,185.44034
"373",2020-04-27 12:00:00,6.924738,188.97263
"374",2020-04-27 13:00:00,4.3498964,204.44395
"375",2020-04-27 14:00:00,3.0547013,225
"376",2020-04-27 15:00:00,1.9386592,248.1986
"377",2020-04-27 16:00:00,2.9024127,262.875
"378",2020-04-27 17:00:00,3.6179552,264.28943
"379",2020-04-27 18:00:00,5.2416787,254.0546
"380",2020-04-27 19:00:00,5.634891,243.43495
"381",2020-04-27 20:00:00,4.1046314,232.12502
"382",2020-04-27 21:00:00,4.0249224,190.30484
"383",2020-04-27 22:00:00,6.519877,173.6598
"384",2020-04-27 23:00:00,7.208994,182.86241
"385",2020-04-26 00:00:00,17.373497,95.94686
"386",2020-04-26 01:00:00,14.494192,104.381386
"387",2020-04-26 02:00:00,11.792404,102.33909
"388",2020-04-26 03:00:00,11.212135,95.52754
"389",2020-04-26 04:00:00,11.5199995,89.99999
"390",2020-04-26 05:00:00,11.928989,84.805565
"391",2020-04-26 06:00:00,12.144331,78.023865
"393",2020-04-26 08:00:00,13.627795,77.79953
"394",2020-04-26 09:00:00,9.9571085,77.47118
"395",2020-04-26 10:00:00,15.4800005,89.99999
"396",2020-04-26 11:00:00,16.263872,95.079605
"397",2020-04-26 12:00:00,17.057314,97.275
"398",2020-04-26 13:00:00,18.057508,94.57392
"399",2020-04-26 14:00:00,19.134262,94.316025
"400",2020-04-26 15:00:00,20.275383,96.1155
"401",2020-04-26 16:00:00,20.478907,100.124664
"402",2020-04-26 17:00:00,20.898611,100.9228
"403",2020-04-26 18:00:00,19.839235,101.51383
"404",2020-04-26 19:00:00,20.12461,100.30484
"417",2020-04-27 08:00:00,11.753876,220.03026
"418",2020-04-27 09:00:00,8.287822,214.38034
"419",2020-04-27 10:00:00,10.315115,209.24883
"420",2020-04-27 11:00:00,9.83268,203.7495
"421",2020-04-27 12:00:00,8.766573,199.17902
"422",2020-04-27 13:00:00,5.5887027,194.93143
"423",2020-04-27 14:00:00,2.52,180
"424",2020-04-27 15:00:00,1.8,143.1301
"425",2020-04-27 16:00:00,1.5273507,135
"426",2020-04-27 17:00:00,1.1384199,108.434944
"427",2020-04-27 18:00:00,1.0182338,44.999985
"428",2020-04-27 19:00:00,2.3051248,38.659805
"429",2020-04-27 20:00:00,5.6920996,341.56506
"430",2020-04-27 21:00:00,4.802999,12.994629
"431",2020-04-27 22:00:00,3.0547013,44.999985
"432",2020-04-27 23:00:00,1.9386592,68.19859
"433",2020-04-28 00:00:00,2.0991426,300.96378
"434",2020-04-28 01:00:00,9.983106,295.64102
"435",2020-04-28 02:00:00,19.201874,300.41107
"436",2020-04-28 03:00:00,24.464113,302.98853
"437",2020-04-28 04:00:00,26.36616,304.99203
"438",2020-04-28 05:00:00,25.1614,303.91742
"439",2020-04-28 06:00:00,22.728518,299.4072
"440",2020-04-28 07:00:00,22.862123,296.16156
"441",2020-04-28 08:00:00,16.267857,294.8637
"442",2020-04-28 09:00:00,10.086427,267.9546
"443",2020-04-28 10:00:00,12.599998,306.8699
"444",2020-04-28 11:00:00,17.782688,338.6294
"445",2020-04-28 12:00:00,18.733839,357.79742
"446",2020-04-28 13:00:00,16.954432,3.6522217
"447",2020-04-28 14:00:00,13.722565,4.513962
"448",2020-04-28 15:00:00,10.799999,360
"449",2020-04-28 16:00:00,8.4042845,350.13422
"450",2020-04-28 17:00:00,8.12197,347.19574
"451",2020-04-28 18:00:00,8.473393,347.73523
"452",2020-04-28 19:00:00,9.3876505,355.60132
"453",2020-04-28 20:00:00,10.805998,330.01837
"454",2020-04-28 21:00:00,10.636766,336.03754
"455",2020-04-28 22:00:00,10.24578,341.56506
"456",2020-04-28 23:00:00,10.365251,339.67688
"457",2020-04-29 00:00:00,10.028439,338.9625
"458",2020-04-29 01:00:00,9.983106,334.359
"459",2020-04-29 02:00:00,10.587918,324.68878
"460",2020-04-29 03:00:00,11.709688,315
"461",2020-04-29 04:00:00,12.768586,310.4261
"462",2020-04-29 05:00:00,13.896187,306.57306
"463",2020-04-29 06:00:00,13.479583,304.1145
"464",2020-04-29 07:00:00,13.392774,306.25385
"465",2020-04-29 08:00:00,14.773164,313.0251
"466",2020-04-29 09:00:00,10.144082,297.47443
"467",2020-04-29 10:00:00,9.19939,329.42078
"468",2020-04-29 11:00:00,11.542478,3.5763245
"469",2020-04-29 12:00:00,16.299694,30.529694
"470",2020-04-29 13:00:00,16.299694,43.210068
"471",2020-04-29 14:00:00,14.799459,48.945175
"472",2020-04-29 15:00:00,13.513193,48.239685
"473",2020-04-29 16:00:00,13.513193,48.239685
"474",2020-04-29 17:00:00,14.799459,48.945175
"475",2020-04-29 18:00:00,16.704155,52.88314
"476",2020-04-29 19:00:00,20.316889,60.25511
"477",2020-04-29 20:00:00,30.449274,65.55604
"478",2020-04-29 21:00:00,35.406506,71.012375
"479",2020-04-29 22:00:00,36.04677,81.38435
"480",2020-04-29 23:00:00,34.268143,93.61387
"481",2020-04-30 00:00:00,30.563978,105.01836
"482",2020-04-30 01:00:00,24.821732,109.48613
"483",2020-04-30 02:00:00,21.915693,104.26451
"484",2020-04-30 03:00:00,18.806337,95.49232
"485",2020-04-30 04:00:00,13.084402,82.092834
"486",2020-04-30 05:00:00,11.91812,64.98311
"487",2020-04-30 06:00:00,11.384198,55.304832
"488",2020-04-30 07:00:00,11.304229,52.76516
"489",2020-04-30 08:00:00,11.165805,88.15238
"490",2020-04-30 09:00:00,11.165805,91.8476
"491",2020-04-30 10:00:00,13.627795,102.20047
"492",2020-04-30 11:00:00,15.281989,105.01836
"493",2020-04-30 12:00:00,14.689589,107.10272
"494",2020-04-30 13:00:00,14.799459,108.434944
"495",2020-04-30 14:00:00,14.345898,107.52557
"496",2020-04-30 15:00:00,13.358861,104.03624
"497",2020-04-30 16:00:00,10.594036,99.7824
"498",2020-04-30 17:00:00,11.165805,91.8476
"499",2020-04-30 18:00:00,11.879999,89.99999
"500",2020-04-30 19:00:00,13.698934,93.01279
"501",2020-04-30 20:00:00,20.478907,100.124664
"502",2020-04-30 21:00:00,24.36325,108.9704
"503",2020-04-30 22:00:00,26.576681,118.30075
"504",2020-04-30 23:00:00,26.785547,126.25384
"505",2020-05-01 00:00:00,24.993437,131.49648
"506",2020-05-01 01:00:00,19.881649,137.93567
"507",2020-05-01 02:00:00,14.618837,142.00127
"508",2020-05-01 03:00:00,11.4862,147.80426
"509",2020-05-01 04:00:00,10.365251,159.67686
"510",2020-05-01 05:00:00,9.9571085,167.47119
"511",2020-05-01 06:00:00,10.594036,170.21759
"512",2020-05-01 07:00:00,10.853866,174.28941
"513",2020-05-01 08:00:00,6.28713,193.24052
"514",2020-05-01 09:00:00,5.0528407,184.08562
"515",2020-05-01 10:00:00,7.5942073,174.55966
"516",2020-05-01 11:00:00,9.779817,173.6598
"517",2020-05-01 12:00:00,10.1376915,173.88449
"518",2020-05-01 13:00:00,7.072878,165.25644
"519",2020-05-01 14:00:00,6.638072,139.3987
"520",2020-05-01 15:00:00,7.8954163,133.15239
"521",2020-05-01 16:00:00,8.669949,131.63353
"522",2020-05-01 17:00:00,9.290511,125.537674
"523",2020-05-01 18:00:00,9.659814,116.56505
"524",2020-05-01 19:00:00,11.165805,110.772255
"525",2020-05-01 20:00:00,7.6367526,135
"526",2020-05-01 21:00:00,2.2768397,108.434944
"527",2020-05-01 22:00:00,5.154415,335.22485
"528",2020-05-01 23:00:00,13.089354,328.49573
"529",2020-05-02 00:00:00,18.532135,330.94543
"530",2020-05-02 01:00:00,20.12461,333.43497
"531",2020-05-02 02:00:00,17.193533,340.42688
"532",2020-05-02 03:00:00,12.522619,341.56506
"533",2020-05-02 04:00:00,8.225035,336.8014
"534",2020-05-02 05:00:00,5.692099,325.30484
"535",2020-05-02 06:00:00,4.39436,304.99203
"536",2020-05-02 07:00:00,4.452954,284.03625
"537",2020-05-02 08:00:00,6.379216,253.61046
"538",2020-05-02 09:00:00,5.95906,244.98311
"539",2020-05-02 10:00:00,4.5536795,251.56506
"540",2020-05-02 11:00:00,1.8,270
"541",2020-05-02 12:00:00,0.8049845,63.43495
"542",2020-05-02 13:00:00,2.52,89.99999
"543",2020-05-02 14:00:00,2.1897945,80.537674
"544",2020-05-02 15:00:00,2.5455842,81.869896
"545",2020-05-02 16:00:00,2.0991426,59.036232
"546",2020-05-02 17:00:00,2.0364676,44.999985
"547",2020-05-02 18:00:00,1.8,36.86989
"548",2020-05-02 19:00:00,2.0364676,44.999985
"549",2020-05-02 20:00:00,1.5273507,44.999985
"550",2020-05-02 21:00:00,2.5959969,303.69006
"551",2020-05-02 22:00:00,6.519877,276.34018
"552",2020-05-02 23:00:00,6.8399997,270
"553",2020-05-03 00:00:00,6.0347,252.64598
"554",2020-05-03 01:00:00,5.1919937,236.30994
"555",2020-05-03 02:00:00,3.396233,237.99463
"556",2020-05-03 03:00:00,2.968636,255.96376
"557",2020-05-03 04:00:00,3.671294,281.30994
"558",2020-05-03 05:00:00,5.1919937,303.69006
"559",2020-05-03 06:00:00,6.638072,319.3987
"560",2020-05-03 07:00:00,8.287822,325.6197
"561",2020-05-03 08:00:00,9,323.13013
"562",2020-05-03 09:00:00,8.942214,319.8991
"563",2020-05-03 10:00:00,11.384199,341.56506
"564",2020-05-03 11:00:00,18.388212,336.94873
"565",2020-05-03 12:00:00,18.057508,336.50146
"566",2020-05-03 13:00:00,15.463246,335.22485
"567",2020-05-03 14:00:00,12.074766,333.43497
"568",2020-05-03 15:00:00,9.511088,330.5241
"569",2020-05-03 16:00:00,7.24486,333.43497
"570",2020-05-03 17:00:00,6.28713,336.37064
"571",2020-05-03 18:00:00,5.2416787,344.0546
"572",2020-05-03 19:00:00,5.04,360
"573",2020-05-03 20:00:00,5.154415,24.775131
"574",2020-05-03 21:00:00,7.24486,63.43495
"575",2020-05-03 22:00:00,10.464798,86.05482
"576",2020-05-03 23:00:00,12.371645,98.36588
"577",2020-05-05 00:00:00,13.779114,160.14479
"578",2020-05-05 01:00:00,12.7279215,171.8699
"579",2020-05-05 02:00:00,10.823973,183.81407
"580",2020-05-05 03:00:00,8.225035,203.1986
"581",2020-05-05 04:00:00,7.127636,225
"582",2020-05-05 05:00:00,7.24486,243.43495
"583",2020-05-05 06:00:00,7.2805495,261.46924
"584",2020-05-05 07:00:00,8.669949,228.36647
"585",2020-05-05 08:00:00,9,233.1301
"586",2020-05-05 09:00:00,8.891343,238.24052
"587",2020-05-05 10:00:00,5.00128,239.74356
"588",2020-05-05 11:00:00,3.096837,324.46234
"589",2020-05-05 12:00:00,6.519877,6.340164
"590",2020-05-05 13:00:00,6.12,28.07248
"591",2020-05-05 14:00:00,6.6087217,60.64225
"592",2020-05-05 15:00:00,8.427383,70.016884
"593",2020-05-05 16:00:00,9.227524,69.443954
"594",2020-05-05 17:00:00,10.495713,67.83366
"595",2020-05-05 18:00:00,11.631956,68.19859
"596",2020-05-05 19:00:00,13.5515,73.00917
"597",2020-05-05 20:00:00,24.651457,28.810776
"598",2020-05-05 21:00:00,36.55729,57.875
"599",2020-05-05 22:00:00,42.3792,83.65981
"600",2020-05-05 23:00:00,40.456375,101.809875
"601",2020-05-06 00:00:00,33.497414,110.772255
"602",2020-05-06 01:00:00,27.14123,111.80141
"603",2020-05-06 02:00:00,20.724247,107.1759
"604",2020-05-06 03:00:00,14.113653,95.85601
"605",2020-05-06 04:00:00,10.661107,78.31063
"606",2020-05-06 05:00:00,9.826088,61.557068
"607",2020-05-06 06:00:00,9.290511,54.46232
"608",2020-05-06 07:00:00,9.220499,51.34018
"609",2020-05-06 08:00:00,10.315115,119.248825
"610",2020-05-06 09:00:00,7.771331,103.392494
"611",2020-05-06 10:00:00,7.69592,100.784294
"612",2020-05-06 11:00:00,9.3876505,94.398705
"613",2020-05-06 12:00:00,10.440001,89.99999
"614",2020-05-06 13:00:00,12.599999,89.99999
"615",2020-05-06 14:00:00,13.32,89.99999
"616",2020-05-06 15:00:00,14.799459,85.81509
"617",2020-05-06 16:00:00,15.683776,80.75388
"618",2020-05-06 17:00:00,16.808569,80.134186
"619",2020-05-06 18:00:00,17.414476,82.874985
"620",2020-05-06 19:00:00,18.751125,86.69813
"621",2020-05-06 20:00:00,21.542923,99.61972
"622",2020-05-06 21:00:00,25.171696,106.62075
"623",2020-05-06 22:00:00,29.144442,115.61548
"624",2020-05-06 23:00:00,31.062386,122.216545
"625",2020-05-07 00:00:00,30.385365,126.32683
"626",2020-05-07 01:00:00,27.333935,130.19205
"627",2020-05-07 02:00:00,20.929594,130.81508
"628",2020-05-07 03:00:00,15.580141,130.31409
"629",2020-05-07 04:00:00,11.304229,127.23483
"630",2020-05-07 05:00:00,10.587918,125.31121
"631",2020-05-07 06:00:00,9.726664,128.991
"632",2020-05-07 07:00:00,8.654987,135
"633",2020-05-07 08:00:00,8.089993,110.854454
"634",2020-05-07 09:00:00,5.5887027,104.93142
"635",2020-05-07 10:00:00,6.439876,116.56505
"636",2020-05-07 11:00:00,8.669949,131.63353
"637",2020-05-07 12:00:00,10.233123,140.71059
"638",2020-05-07 13:00:00,9.693296,121.32869
"639",2020-05-07 14:00:00,10.739833,103.570435
"640",2020-05-07 15:00:00,12.783802,99.72758
"641",2020-05-07 16:00:00,13.979871,101.88866
"642",2020-05-07 17:00:00,14.587776,105.75117
"643",2020-05-07 18:00:00,13.207634,107.44718
"644",2020-05-07 19:00:00,12.522619,108.434944
"645",2020-05-07 20:00:00,19.803272,117.03086
"646",2020-05-07 21:00:00,20.608229,117.012665
"647",2020-05-07 22:00:00,14.986553,114.10223
"648",2020-05-07 23:00:00,3.4152596,71.56504
"649",2020-05-08 00:00:00,12.783802,327.6526
"650",2020-05-08 01:00:00,24.063513,321.07245
"651",2020-05-08 02:00:00,30.886656,319.25385
"652",2020-05-08 03:00:00,26.478971,316.1017
"653",2020-05-08 04:00:00,18.079027,305.27243
"654",2020-05-08 05:00:00,14.587776,285.7512
"655",2020-05-08 06:00:00,13.722565,274.51398
"656",2020-05-08 07:00:00,12.959999,270
"657",2020-05-08 08:00:00,7.289445,237.09476
"658",2020-05-08 09:00:00,6.696387,233.74615
"659",2020-05-08 10:00:00,6.725354,254.47589
"660",2020-05-08 11:00:00,7.2359104,275.7106
"661",2020-05-08 12:00:00,5.495161,301.6075
"662",2020-05-08 13:00:00,5.154415,335.22485
"663",2020-05-08 14:00:00,6.379216,343.61047
"664",2020-05-08 15:00:00,8.311245,342.34988
"665",2020-05-08 16:00:00,9.255571,346.50427
"666",2020-05-08 17:00:00,9.3876505,355.60132
"667",2020-05-08 18:00:00,9.47012,8.74614
"668",2020-05-08 19:00:00,9.693296,31.32869
"669",2020-05-08 20:00:00,6.162207,83.29016
"670",2020-05-08 21:00:00,14.81259,64.05769
"671",2020-05-08 22:00:00,25.20257,68.19859
"672",2020-05-08 23:00:00,33.11413,78.079254
"673",2020-05-09 00:00:00,31.32207,90.65854
"674",2020-05-09 01:00:00,25.671307,112.24902
"675",2020-05-09 02:00:00,17.884428,130.1009
"676",2020-05-09 03:00:00,10.00256,149.74356
"677",2020-05-09 04:00:00,5.5887027,165.06857
"678",2020-05-09 05:00:00,0.71999997,180
"679",2020-05-09 06:00:00,2.16,360
"680",2020-05-09 07:00:00,3.0758414,20.556046
"681",2020-05-09 08:00:00,7.0911775,113.96249
"682",2020-05-09 09:00:00,8.891344,111.37062
"683",2020-05-09 10:00:00,10.00256,120.25643
"684",2020-05-09 11:00:00,10.00256,120.25643
"685",2020-05-09 12:00:00,9.983106,115.64101
"686",2020-05-09 13:00:00,10.829959,105.42216
"687",2020-05-09 14:00:00,11.252519,97.35238
"688",2020-05-09 15:00:00,10.823973,93.81408
"689",2020-05-09 16:00:00,9,89.99999
"690",2020-05-09 17:00:00,9.0645685,83.15723
"691",2020-05-09 18:00:00,9.9571085,77.47118
"692",2020-05-09 19:00:00,12.144331,78.023865
"693",2020-05-09 20:00:00,21.398056,77.36663
"694",2020-05-09 21:00:00,26.319422,93.13636
"695",2020-05-09 22:00:00,27.155552,104.58892
"696",2020-05-09 23:00:00,26.674032,111.37062
"697",2020-05-10 00:00:00,24.86868,112.10944
"698",2020-05-10 01:00:00,23.263912,111.80141
"699",2020-05-10 02:00:00,19.386593,111.80141
"700",2020-05-10 03:00:00,13.779114,109.85521
"701",2020-05-10 04:00:00,9.9571085,102.52881
"702",2020-05-10 05:00:00,8.64,89.99999
"703",2020-05-10 06:00:00,7.5685663,87.27369
"704",2020-05-10 07:00:00,7.5685663,87.27369
"705",2020-05-10 08:00:00,11.212135,132.39743
"706",2020-05-10 09:00:00,8.534353,117.64597
"707",2020-05-10 10:00:00,10.144082,117.474434
"708",2020-05-10 11:00:00,15.0038395,120.25643
"709",2020-05-10 12:00:00,16.485485,121.6075
"710",2020-05-10 13:00:00,17.595861,120.76271
"711",2020-05-10 14:00:00,16.279802,125.09581
"712",2020-05-10 15:00:00,14.618837,127.99873
"713",2020-05-10 16:00:00,12.768586,130.42607
"714",2020-05-10 17:00:00,12.031756,128.92754
"715",2020-05-10 18:00:00,12.031756,128.92754
"716",2020-05-10 19:00:00,14.007655,115.90651
"717",2020-05-10 20:00:00,30.05515,108.869
"718",2020-05-10 21:00:00,29.379177,107.10272
"719",2020-05-10 22:00:00,29.144438,107.98733
"720",2020-05-10 23:00:00,28.576382,109.11972
"721",2020-05-11 00:00:00,27.897097,109.60409
"722",2020-05-11 01:00:00,26.525429,108.18904
"723",2020-05-11 02:00:00,22.007162,105.17291
"724",2020-05-11 03:00:00,18.64369,100.00798
"725",2020-05-11 04:00:00,15.905319,95.19443
"726",2020-05-11 05:00:00,14.830076,95.5722
"727",2020-05-11 06:00:00,14.081478,94.398705
"728",2020-05-11 07:00:00,11.720751,100.61965
"729",2020-05-11 08:00:00,12.261157,130.23636
"730",2020-05-11 09:00:00,8.714677,128.29016
"731",2020-05-11 10:00:00,8.669949,131.63353
"732",2020-05-11 11:00:00,11.966954,136.21887
"733",2020-05-11 12:00:00,11.384198,145.30484
"734",2020-05-11 13:00:00,11.113451,155.09523
"735",2020-05-11 14:00:00,11.013882,168.69006
"736",2020-05-11 15:00:00,11.5199995,180
"737",2020-05-11 16:00:00,12.522619,198.43495
"738",2020-05-11 17:00:00,13.281023,212.82855
"739",2020-05-11 18:00:00,15.273505,225
"740",2020-05-11 19:00:00,16.135872,231.3402
"741",2020-05-11 20:00:00,15.778516,235.22217
"742",2020-05-11 21:00:00,17.673029,236.63364
"743",2020-05-11 22:00:00,22.077717,245.94266
"744",2020-05-11 23:00:00,27.908709,263.33334
"745",2020-05-12 00:00:00,30.035742,283.8697
"746",2020-05-12 01:00:00,26.66188,304.54837
"747",2020-05-12 02:00:00,18.668005,320.4774
"748",2020-05-12 03:00:00,9.339208,332.4472
"749",2020-05-12 04:00:00,1.8,306.8699
"750",2020-05-12 05:00:00,4.510787,208.61046
"751",2020-05-12 06:00:00,7.729527,207.75854
"752",2020-05-12 07:00:00,9.290511,215.53769
"753",2020-05-12 08:00:00,9.957108,220.60129
"754",2020-05-12 09:00:00,10.691453,225
"755",2020-05-12 10:00:00,6.638072,220.6013
"756",2020-05-12 11:00:00,5.495161,238.3925
"757",2020-05-12 12:00:00,6.849467,266.9872
"758",2020-05-12 13:00:00,5.5887027,255.06857
"759",2020-05-12 14:00:00,5.1165614,230.7106
"760",2020-05-12 15:00:00,5.495161,211.6075
"761",2020-05-12 16:00:00,5.95906,205.01689
"762",2020-05-12 17:00:00,5.3517847,199.65382
"763",2020-05-12 18:00:00,4.896529,197.10272
"764",2020-05-12 19:00:00,4.3349743,175.23636
"765",2020-05-12 20:00:00,5.8603754,132.51044
"766",2020-05-12 21:00:00,11.384199,108.434944
"767",2020-05-12 22:00:00,14.118243,109.35899
"768",2020-05-12 23:00:00,13.202726,115.86635
